Authors,Author(s) ID,Title,Year,Source title,Volume,Issue,Page start,Page end,Page count,Cited by,DOI,Link,Abstract,Author Keywords,Index Keywords,References,Document Type,Publication Stage,Open Access,Source,EID
Santoro G.P.; Sousa M.V.; Andrade B.M.; Menezes F.R.; Kowalski J.Z.,57000001918; 57000003699; 57000002329; 57000002055; 57000002192,Spatial audio feedback for real-time obstacle alerts,2014,Journal of Multimodal Interfaces,6,1,182,195,14,212,10.5555/jmi.2014.0001,https://doi.org/10.5555/jmi.2014.0001,"This study investigates how audio and tactile channels compete for attention when a device narrates the surroundings. We compare sonification schemes against vibrotactile encodings in a within-subject experiment, and assess the approach through reaction time, route deviation and NASA-TLX cognitive load scores. Findings indicate that sparse tactile cues outperform continuous audio once the environment gets noisy. We discuss the implications for head-mounted assistive systems.",cognitive load; human-computer interaction; haptic feedback; sensory substitution; cost-effectiveness,spatial audio; haptic feedback; multimodal interfaces,,Article,Final,All Open Access,Scopus,2-s2.0-85000000000
Vasconcelos L.M.; Muller S.D.; Nogueira D.R.; Ibrahim H.A.; Cardoso I.S.; Silva J.M.,57000003288; 57000002740; 57000003014; 57000003151; 57000002603; 57000000000,Regulatory frameworks in public health systems,2014,Journal of Innovation and Public Policy,19,1,185,196,12,280,10.5555/jipp.2014.0001,https://doi.org/10.5555/jipp.2014.0001,"This study investigates what it costs a public health system to deploy assistive wearables at scale. We build a decision-analytic model calibrated with procurement data from three regions, and assess the approach through incremental cost per quality-adjusted life year and budget impact over five years. Findings indicate that locally manufactured devices reach acceptable thresholds where imported ones do not. We discuss the implications for  low-cost assistive technology.",public policy; technology transfer; technology assessment,technology assessment; cost-effectiveness; public policy,,Article,Final,,Scopus,2-s2.0-85000007919
Ferreira G.B.; Barbosa T.A.; Duarte M.S.; Ramalho J.P.; Moreira R.C.,57000001233; 57000001507; 57000000959; 57000003562; 57000000822,Wayfinding support for older adults with low vision,2014,Revista Brasileira de Tecnologia Inclusiva,15,1,189,199,11,115,10.5555/rbti.2014.0001,https://doi.org/10.5555/rbti.2014.0001,"This study investigates how assistive navigation devices are actually adopted outside the laboratory. We follow a cohort of participants through a structured orientation and mobility programme, and assess the approach through task completion, perceived autonomy and abandonment rates over six months. Findings indicate that sustained use depends far more on training and fit than on sensor accuracy. We discuss the implications for  independent living.",visual impairment; assistive technology; assisted navigation; universal design,assistive technology; visual impairment; assisted navigation,,Article,Final,,Scopus,2-s2.0-85000015838
Moreira R.C.; Barbosa T.A.; Ramalho J.P.; Muller S.D.,57000000822; 57000001507; 57000003562; 57000002740,Longitudinal adoption studies for older adults with low vision,2015,Frontiers in Accessible Computing,18,2,84,96,13,131,10.5555/fac.2015.0001,https://doi.org/10.5555/fac.2015.0001,"This study investigates how assistive navigation devices are actually adopted outside the laboratory. We follow a cohort of participants through a structured orientation and mobility programme, and assess the approach through task completion, perceived autonomy and abandonment rates over six months. Findings indicate that sustained use depends far more on training and fit than on sensor accuracy. We discuss the implications for  older adults with low vision.",orientation and mobility; universal design; rehabilitation; assistive technology; sonification,assistive technology; visual impairment; assisted navigation,"Santoro G.P.., Sousa M.V.., Andrade B.M., Spatial audio feedback for real-time obstacle alerts, Journal of Multimodal Interfaces, 6, pp. 182-195, (2014); Vasconcelos L.M.., Muller S.D.., Nogueira D.R., Regulatory frameworks in public health systems, Journal of Innovation and Public Policy, 19, pp. 185-196, (2014); Ferreira G.B.., Barbosa T.A.., Duarte M.S., Wayfinding support for older adults with low vision, Revista Brasileira de Tecnologia Inclusiva, 15, pp. 189-199, (2014)",Article,Final,All Open Access,Scopus,2-s2.0-85000023757
Rezende V.L.; Barbosa T.A.; Moreira R.C.; Lindqvist E.M.; Muller S.D.,57000001644; 57000001507; 57000000822; 57000001370; 57000002740,Longitudinal adoption studies for independent living,2015,Frontiers in Accessible Computing,28,3,6,19,14,190,10.5555/fac.2015.0002,https://doi.org/10.5555/fac.2015.0002,"This study investigates how assistive navigation devices are actually adopted outside the laboratory. We follow a cohort of participants through a structured orientation and mobility programme, and assess the approach through task completion, perceived autonomy and abandonment rates over six months. Findings indicate that sustained use depends far more on training and fit than on sensor accuracy. We discuss the implications for  older adults with low vision.",usability; assistive technology; rehabilitation,assistive technology; visual impairment; assisted navigation,"Santoro G.P.., Sousa M.V.., Andrade B.M., Spatial audio feedback for real-time obstacle alerts, Journal of Multimodal Interfaces, 6, pp. 182-195, (2014); Vasconcelos L.M.., Muller S.D.., Nogueira D.R., Regulatory frameworks in public health systems, Journal of Innovation and Public Policy, 19, pp. 185-196, (2014); Ferreira G.B.., Barbosa T.A.., Duarte M.S., Wayfinding support for older adults with low vision, Revista Brasileira de Tecnologia Inclusiva, 15, pp. 189-199, (2014)",Article,Final,,Scopus,2-s2.0-85000031676
Rezende V.L.; Barbosa T.A.; Okonkwo C.; Ramalho J.P.,57000001644; 57000001507; 57000001096; 57000003562,Participatory design practices in indoor environments,2015,Revista Brasileira de Tecnologia Inclusiva,6,4,8,27,20,78,10.5555/rbti.2015.0002,https://doi.org/10.5555/rbti.2015.0002,"This study investigates how assistive navigation devices are actually adopted outside the laboratory. We follow a cohort of participants through a structured orientation and mobility programme, and assess the approach through task completion, perceived autonomy and abandonment rates over six months. Findings indicate that sustained use depends far more on training and fit than on sensor accuracy. We discuss the implications for  older adults with low vision.",orientation and mobility; assistive technology; rehabilitation,assistive technology; visual impairment; assisted navigation,"Santoro G.P.., Sousa M.V.., Andrade B.M., Spatial audio feedback for real-time obstacle alerts, Journal of Multimodal Interfaces, 6, pp. 182-195, (2014); Vasconcelos L.M.., Muller S.D.., Nogueira D.R., Regulatory frameworks in public health systems, Journal of Innovation and Public Policy, 19, pp. 185-196, (2014); Ferreira G.B.., Barbosa T.A.., Duarte M.S., Wayfinding support for older adults with low vision, Revista Brasileira de Tecnologia Inclusiva, 15, pp. 189-199, (2014)",Article,Final,,Scopus,2-s2.0-85000039595
Moreira R.C.; Rezende V.L.; Lindqvist E.M.; Ferreira G.B.,57000000822; 57000001644; 57000001370; 57000001233,Participatory design practices for people with visual impairment,2015,Sensors and Wearable Computing,20,4,61,77,17,103,10.5555/swc.2015.0001,https://doi.org/10.5555/swc.2015.0001,"This study investigates how assistive navigation devices are actually adopted outside the laboratory. We follow a cohort of participants through a structured orientation and mobility programme, and assess the approach through task completion, perceived autonomy and abandonment rates over six months. Findings indicate that sustained use depends far more on training and fit than on sensor accuracy. We discuss the implications for  older adults with low vision.",usability; orientation and mobility; visual impairment; rehabilitation,assistive technology; visual impairment; assisted navigation,"Santoro G.P.., Sousa M.V.., Andrade B.M., Spatial audio feedback for real-time obstacle alerts, Journal of Multimodal Interfaces, 6, pp. 182-195, (2014); Vasconcelos L.M.., Muller S.D.., Nogueira D.R., Regulatory frameworks in public health systems, Journal of Innovation and Public Policy, 19, pp. 185-196, (2014); Ferreira G.B.., Barbosa T.A.., Duarte M.S., Wayfinding support for older adults with low vision, Revista Brasileira de Tecnologia Inclusiva, 15, pp. 189-199, (2014)",Article,Final,All Open Access,Scopus,2-s2.0-85000047514
Almeida L.F.; Costa A.R.; Silva J.M.; Nakamura T.; Prado C.E.,57000000685; 57000000137; 57000000000; 57000000274; 57000003425,Edge-cloud offloading strategies on microcontroller-class hardware,2016,Journal of Embedded Vision Systems,24,2,109,129,21,62,10.5555/jevs.2016.0001,https://doi.org/10.5555/jevs.2016.0001,"This study investigates how compact vision models can run within the power and memory envelope of wearable hardware. We train a family of quantized detectors and profile them on microcontroller-class boards, and assess the approach through latency, energy draw and detection accuracy on an indoor scene benchmark. Findings indicate that 8-bit quantization preserves most of the accuracy while cutting inference time by roughly half. We discuss the implications for er constrained memory budgets.",deep learning; TinyML; model quantization; object detection; technology transfer,computer vision; deep learning; TinyML,"Santoro G.P.., Sousa M.V.., Andrade B.M., Spatial audio feedback for real-time obstacle alerts, Journal of Multimodal Interfaces, 6, pp. 182-195, (2014); Vasconcelos L.M.., Muller S.D.., Nogueira D.R., Regulatory frameworks in public health systems, Journal of Innovation and Public Policy, 19, pp. 185-196, (2014); Ferreira G.B.., Barbosa T.A.., Duarte M.S., Wayfinding support for older adults with low vision, Revista Brasileira de Tecnologia Inclusiva, 15, pp. 189-199, (2014); Moreira R.C.., Barbosa T.A.., Ramalho J.P., Longitudinal adoption studies for older adults with low vision, Frontiers in Accessible Computing, 18, pp. 84-96, (2015); Rezende V.L.., Barbosa T.A.., Moreira R.C., Longitudinal adoption studies for independent living, Frontiers in Accessible Computing, 28, pp. 6-19, (2015)",Article,Final,,Scopus,2-s2.0-85000055433
Moreira R.C.; Okonkwo C.; Duarte M.S.; Lindqvist E.M.,57000000822; 57000001096; 57000000959; 57000001370,Accessibility guidelines for people with visual impairment,2016,Revista Brasileira de Tecnologia Inclusiva,22,1,228,250,23,89,10.5555/rbti.2016.0003,https://doi.org/10.5555/rbti.2016.0003,"This study investigates how assistive navigation devices are actually adopted outside the laboratory. We follow a cohort of participants through a structured orientation and mobility programme, and assess the approach through task completion, perceived autonomy and abandonment rates over six months. Findings indicate that sustained use depends far more on training and fit than on sensor accuracy. We discuss the implications for  independent living.",visual impairment; assistive technology; assisted navigation; computer vision,assistive technology; visual impairment; assisted navigation,"Santoro G.P.., Sousa M.V.., Andrade B.M., Spatial audio feedback for real-time obstacle alerts, Journal of Multimodal Interfaces, 6, pp. 182-195, (2014); Vasconcelos L.M.., Muller S.D.., Nogueira D.R., Regulatory frameworks in public health systems, Journal of Innovation and Public Policy, 19, pp. 185-196, (2014); Moreira R.C.., Barbosa T.A.., Ramalho J.P., Longitudinal adoption studies for older adults with low vision, Frontiers in Accessible Computing, 18, pp. 84-96, (2015); Rezende V.L.., Barbosa T.A.., Moreira R.C., Longitudinal adoption studies for independent living, Frontiers in Accessible Computing, 28, pp. 6-19, (2015)",Article,Final,,Scopus,2-s2.0-85000063352
Vasconcelos L.M.; Pereira A.C.; Muller S.D.; Sousa M.V.,57000003288; 57000002877; 57000002740; 57000003699,Technology transfer pathways under constrained public budgets,2016,Technology Assessment Quarterly,28,4,31,53,23,110,10.5555/taq.2016.0001,https://doi.org/10.5555/taq.2016.0001,"This study investigates what it costs a public health system to deploy assistive wearables at scale. We build a decision-analytic model calibrated with procurement data from three regions, and assess the approach through incremental cost per quality-adjusted life year and budget impact over five years. Findings indicate that locally manufactured devices reach acceptable thresholds where imported ones do not. We discuss the implications for  low-cost assistive technology.",innovation ecosystems; intellectual property; public policy,technology assessment; cost-effectiveness; public policy,"Santoro G.P.., Sousa M.V.., Andrade B.M., Spatial audio feedback for real-time obstacle alerts, Journal of Multimodal Interfaces, 6, pp. 182-195, (2014); Vasconcelos L.M.., Muller S.D.., Nogueira D.R., Regulatory frameworks in public health systems, Journal of Innovation and Public Policy, 19, pp. 185-196, (2014); Ferreira G.B.., Barbosa T.A.., Duarte M.S., Wayfinding support for older adults with low vision, Revista Brasileira de Tecnologia Inclusiva, 15, pp. 189-199, (2014); Moreira R.C.., Barbosa T.A.., Ramalho J.P., Longitudinal adoption studies for older adults with low vision, Frontiers in Accessible Computing, 18, pp. 84-96, (2015); Moreira R.C.., Rezende V.L.., Lindqvist E.M., Participatory design practices for people with visual impairment, Sensors and Wearable Computing, 20, pp. 61-77, (2015)",Article,Final,All Open Access,Scopus,2-s2.0-85000071271
Silva J.M.; Prado C.E.; Nakamura T.; Bergstrom K.; Almeida L.F.; Cardoso I.S.,57000000000; 57000003425; 57000000274; 57000000548; 57000000685; 57000002603,On-device inference pipelines on microcontroller-class hardware,2016,Sensors and Wearable Computing,25,2,103,122,20,205,10.5555/swc.2016.0002,https://doi.org/10.5555/swc.2016.0002,"This study investigates how compact vision models can run within the power and memory envelope of wearable hardware. We train a family of quantized detectors and profile them on microcontroller-class boards, and assess the approach through latency, energy draw and detection accuracy on an indoor scene benchmark. Findings indicate that 8-bit quantization preserves most of the accuracy while cutting inference time by roughly half. We discuss the implications for microcontroller-class hardware.",model quantization; computer vision; object detection; edge inference; sensory substitution,computer vision; deep learning; TinyML,"Santoro G.P.., Sousa M.V.., Andrade B.M., Spatial audio feedback for real-time obstacle alerts, Journal of Multimodal Interfaces, 6, pp. 182-195, (2014); Vasconcelos L.M.., Muller S.D.., Nogueira D.R., Regulatory frameworks in public health systems, Journal of Innovation and Public Policy, 19, pp. 185-196, (2014); Rezende V.L.., Barbosa T.A.., Okonkwo C., Participatory design practices in indoor environments, Revista Brasileira de Tecnologia Inclusiva, 6, pp. 8-27, (2015)",Article,Final,,Scopus,2-s2.0-85000079190
Ibrahim H.A.; Nogueira D.R.; Cardoso I.S.; Pereira A.C.; Silva J.M.,57000003151; 57000003014; 57000002603; 57000002877; 57000000000,Randomised evaluation for university spin-offs,2016,Technology Assessment Quarterly,3,4,42,62,21,126,10.5555/taq.2016.0002,https://doi.org/10.5555/taq.2016.0002,"This study investigates what it costs a public health system to deploy assistive wearables at scale. We build a decision-analytic model calibrated with procurement data from three regions, and assess the approach through incremental cost per quality-adjusted life year and budget impact over five years. Findings indicate that locally manufactured devices reach acceptable thresholds where imported ones do not. We discuss the implications for assistive wearable devices.",technology transfer; technology assessment; public procurement; usability,technology assessment; cost-effectiveness; public policy,"Vasconcelos L.M.., Muller S.D.., Nogueira D.R., Regulatory frameworks in public health systems, Journal of Innovation and Public Policy, 19, pp. 185-196, (2014); Ferreira G.B.., Barbosa T.A.., Duarte M.S., Wayfinding support for older adults with low vision, Revista Brasileira de Tecnologia Inclusiva, 15, pp. 189-199, (2014); Rezende V.L.., Barbosa T.A.., Moreira R.C., Longitudinal adoption studies for independent living, Frontiers in Accessible Computing, 28, pp. 6-19, (2015); Moreira R.C.., Rezende V.L.., Lindqvist E.M., Participatory design practices for people with visual impairment, Sensors and Wearable Computing, 20, pp. 61-77, (2015)",Article,Final,,Scopus,2-s2.0-85000087109
Nakamura T.; Oliveira P.H.,57000000274; 57000000411,Energy-aware vision models in low-power assistive devices,2017,Sensors and Wearable Computing,13,3,206,217,12,62,10.5555/swc.2017.0003,https://doi.org/10.5555/swc.2017.0003,"This study investigates how compact vision models can run within the power and memory envelope of wearable hardware. We train a family of quantized detectors and profile them on microcontroller-class boards, and assess the approach through latency, energy draw and detection accuracy on an indoor scene benchmark. Findings indicate that 8-bit quantization preserves most of the accuracy while cutting inference time by roughly half. We discuss the implications for embedded vision pipelines.",embedded systems; computer vision; deep learning; usability,computer vision; deep learning; TinyML,"Santoro G.P.., Sousa M.V.., Andrade B.M., Spatial audio feedback for real-time obstacle alerts, Journal of Multimodal Interfaces, 6, pp. 182-195, (2014); Vasconcelos L.M.., Muller S.D.., Nogueira D.R., Regulatory frameworks in public health systems, Journal of Innovation and Public Policy, 19, pp. 185-196, (2014); Rezende V.L.., Barbosa T.A.., Moreira R.C., Longitudinal adoption studies for independent living, Frontiers in Accessible Computing, 28, pp. 6-19, (2015); Moreira R.C.., Rezende V.L.., Lindqvist E.M., Participatory design practices for people with visual impairment, Sensors and Wearable Computing, 20, pp. 61-77, (2015); Almeida L.F.., Costa A.R.., Silva J.M., Edge-cloud offloading strategies on microcontroller-class hardware, Journal of Embedded Vision Systems, 24, pp. 109-129, (2016); Vasconcelos L.M.., Pereira A.C.., Muller S.D., Technology transfer pathways under constrained public budgets, Technology Assessment Quarterly, 28, pp. 31-53, (2016); Silva J.M.., Prado C.E.., Nakamura T., On-device inference pipelines on microcontroller-class hardware, Sensors and Wearable Computing, 25, pp. 103-122, (2016); Ibrahim H.A.., Nogueira D.R.., Cardoso I.S., Randomised evaluation for university spin-offs, Technology Assessment Quarterly, 3, pp. 42-62, (2016)",Article,Final,All Open Access,Scopus,2-s2.0-85000095028
Ferreira G.B.; Lindqvist E.M.; Rezende V.L.; Ramalho J.P.; Barbosa T.A.,57000001233; 57000001370; 57000001644; 57000003562; 57000001507,Obstacle detection aids for older adults with low vision,2017,Sensors and Wearable Computing,18,2,123,146,24,177,10.5555/swc.2017.0004,https://doi.org/10.5555/swc.2017.0004,"This study investigates how assistive navigation devices are actually adopted outside the laboratory. We follow a cohort of participants through a structured orientation and mobility programme, and assess the approach through task completion, perceived autonomy and abandonment rates over six months. Findings indicate that sustained use depends far more on training and fit than on sensor accuracy. We discuss the implications for indoor environments.",independent living; orientation and mobility; visual impairment; assistive technology; human-computer interaction,assistive technology; visual impairment; assisted navigation,"Santoro G.P.., Sousa M.V.., Andrade B.M., Spatial audio feedback for real-time obstacle alerts, Journal of Multimodal Interfaces, 6, pp. 182-195, (2014); Moreira R.C.., Barbosa T.A.., Ramalho J.P., Longitudinal adoption studies for older adults with low vision, Frontiers in Accessible Computing, 18, pp. 84-96, (2015); Rezende V.L.., Barbosa T.A.., Moreira R.C., Longitudinal adoption studies for independent living, Frontiers in Accessible Computing, 28, pp. 6-19, (2015); Moreira R.C.., Okonkwo C.., Duarte M.S., Accessibility guidelines for people with visual impairment, Revista Brasileira de Tecnologia Inclusiva, 22, pp. 228-250, (2016); Ibrahim H.A.., Nogueira D.R.., Cardoso I.S., Randomised evaluation for university spin-offs, Technology Assessment Quarterly, 3, pp. 42-62, (2016)",Article,Final,,Scopus,2-s2.0-85000102947
Moreira R.C.; Ferreira G.B.; Ramalho J.P.; Lindqvist E.M.,57000000822; 57000001233; 57000003562; 57000001370,Wayfinding support in indoor environments,2017,Revista Brasileira de Tecnologia Inclusiva,7,1,218,227,10,112,10.5555/rbti.2017.0004,https://doi.org/10.5555/rbti.2017.0004,"This study investigates how assistive navigation devices are actually adopted outside the laboratory. We follow a cohort of participants through a structured orientation and mobility programme, and assess the approach through task completion, perceived autonomy and abandonment rates over six months. Findings indicate that sustained use depends far more on training and fit than on sensor accuracy. We discuss the implications for  independent living.",assisted navigation; universal design; orientation and mobility; assistive technology; convolutional neural networks,assistive technology; visual impairment; assisted navigation,"Vasconcelos L.M.., Muller S.D.., Nogueira D.R., Regulatory frameworks in public health systems, Journal of Innovation and Public Policy, 19, pp. 185-196, (2014); Ferreira G.B.., Barbosa T.A.., Duarte M.S., Wayfinding support for older adults with low vision, Revista Brasileira de Tecnologia Inclusiva, 15, pp. 189-199, (2014); Moreira R.C.., Barbosa T.A.., Ramalho J.P., Longitudinal adoption studies for older adults with low vision, Frontiers in Accessible Computing, 18, pp. 84-96, (2015); Rezende V.L.., Barbosa T.A.., Moreira R.C., Longitudinal adoption studies for independent living, Frontiers in Accessible Computing, 28, pp. 6-19, (2015); Moreira R.C.., Rezende V.L.., Lindqvist E.M., Participatory design practices for people with visual impairment, Sensors and Wearable Computing, 20, pp. 61-77, (2015); Vasconcelos L.M.., Pereira A.C.., Muller S.D., Technology transfer pathways under constrained public budgets, Technology Assessment Quarterly, 28, pp. 31-53, (2016); Silva J.M.., Prado C.E.., Nakamura T., On-device inference pipelines on microcontroller-class hardware, Sensors and Wearable Computing, 25, pp. 103-122, (2016)",Article,Final,,Scopus,2-s2.0-85000110866
Santoro G.P.; Tanaka Y.U.; Andrade B.M.; Sousa M.V.,57000001918; 57000002466; 57000002329; 57000003699,Cross-modal attention studies for real-time obstacle alerts,2017,Revista Brasileira de Tecnologia Inclusiva,28,3,171,185,15,68,10.5555/rbti.2017.0005,https://doi.org/10.5555/rbti.2017.0005,"This study investigates how audio and tactile channels compete for attention when a device narrates the surroundings. We compare sonification schemes against vibrotactile encodings in a within-subject experiment, and assess the approach through reaction time, route deviation and NASA-TLX cognitive load scores. Findings indicate that sparse tactile cues outperform continuous audio once the environment gets noisy. We discuss the implications for head-mounted assistive systems.",multimodal interfaces; haptic feedback; cognitive load; public procurement,spatial audio; haptic feedback; multimodal interfaces,"Santoro G.P.., Sousa M.V.., Andrade B.M., Spatial audio feedback for real-time obstacle alerts, Journal of Multimodal Interfaces, 6, pp. 182-195, (2014); Moreira R.C.., Barbosa T.A.., Ramalho J.P., Longitudinal adoption studies for older adults with low vision, Frontiers in Accessible Computing, 18, pp. 84-96, (2015); Rezende V.L.., Barbosa T.A.., Okonkwo C., Participatory design practices in indoor environments, Revista Brasileira de Tecnologia Inclusiva, 6, pp. 8-27, (2015); Moreira R.C.., Okonkwo C.., Duarte M.S., Accessibility guidelines for people with visual impairment, Revista Brasileira de Tecnologia Inclusiva, 22, pp. 228-250, (2016)",Article,Final,All Open Access,Scopus,2-s2.0-85000118785
Sousa M.V.; Andrade B.M.; Kowalski J.Z.; Santoro G.P.; Tanaka Y.U.; Cardoso I.S.,57000003699; 57000002329; 57000002192; 57000001918; 57000002466; 57000002603,Sonification strategies for scene description interfaces,2017,Journal of Multimodal Interfaces,27,1,229,251,23,113,10.5555/jmi.2017.0002,https://doi.org/10.5555/jmi.2017.0002,"This study investigates how audio and tactile channels compete for attention when a device narrates the surroundings. We compare sonification schemes against vibrotactile encodings in a within-subject experiment, and assess the approach through reaction time, route deviation and NASA-TLX cognitive load scores. Findings indicate that sparse tactile cues outperform continuous audio once the environment gets noisy. We discuss the implications for wearable guidance devices.",spatial audio; sensory substitution; human-computer interaction; wearable interfaces; edge inference,spatial audio; haptic feedback; multimodal interfaces,"Santoro G.P.., Sousa M.V.., Andrade B.M., Spatial audio feedback for real-time obstacle alerts, Journal of Multimodal Interfaces, 6, pp. 182-195, (2014); Vasconcelos L.M.., Muller S.D.., Nogueira D.R., Regulatory frameworks in public health systems, Journal of Innovation and Public Policy, 19, pp. 185-196, (2014); Ferreira G.B.., Barbosa T.A.., Duarte M.S., Wayfinding support for older adults with low vision, Revista Brasileira de Tecnologia Inclusiva, 15, pp. 189-199, (2014); Rezende V.L.., Barbosa T.A.., Moreira R.C., Longitudinal adoption studies for independent living, Frontiers in Accessible Computing, 28, pp. 6-19, (2015); Moreira R.C.., Okonkwo C.., Duarte M.S., Accessibility guidelines for people with visual impairment, Revista Brasileira de Tecnologia Inclusiva, 22, pp. 228-250, (2016); Silva J.M.., Prado C.E.., Nakamura T., On-device inference pipelines on microcontroller-class hardware, Sensors and Wearable Computing, 25, pp. 103-122, (2016)",Article,Final,,Scopus,2-s2.0-85000126704
Cardoso I.S.; Vasconcelos L.M.,57000002603; 57000003288,Public procurement policies under constrained public budgets,2017,Journal of Innovation and Public Policy,12,4,41,49,9,118,10.5555/jipp.2017.0002,https://doi.org/10.5555/jipp.2017.0002,"This study investigates what it costs a public health system to deploy assistive wearables at scale. We build a decision-analytic model calibrated with procurement data from three regions, and assess the approach through incremental cost per quality-adjusted life year and budget impact over five years. Findings indicate that locally manufactured devices reach acceptable thresholds where imported ones do not. We discuss the implications for er constrained public budgets.",health economics; intellectual property; technology transfer; innovation ecosystems; multimodal interfaces,technology assessment; cost-effectiveness; public policy,"Vasconcelos L.M.., Muller S.D.., Nogueira D.R., Regulatory frameworks in public health systems, Journal of Innovation and Public Policy, 19, pp. 185-196, (2014); Ferreira G.B.., Barbosa T.A.., Duarte M.S., Wayfinding support for older adults with low vision, Revista Brasileira de Tecnologia Inclusiva, 15, pp. 189-199, (2014); Rezende V.L.., Barbosa T.A.., Moreira R.C., Longitudinal adoption studies for independent living, Frontiers in Accessible Computing, 28, pp. 6-19, (2015); Rezende V.L.., Barbosa T.A.., Okonkwo C., Participatory design practices in indoor environments, Revista Brasileira de Tecnologia Inclusiva, 6, pp. 8-27, (2015); Moreira R.C.., Rezende V.L.., Lindqvist E.M., Participatory design practices for people with visual impairment, Sensors and Wearable Computing, 20, pp. 61-77, (2015); Vasconcelos L.M.., Pereira A.C.., Muller S.D., Technology transfer pathways under constrained public budgets, Technology Assessment Quarterly, 28, pp. 31-53, (2016); Silva J.M.., Prado C.E.., Nakamura T., On-device inference pipelines on microcontroller-class hardware, Sensors and Wearable Computing, 25, pp. 103-122, (2016); Ibrahim H.A.., Nogueira D.R.., Cardoso I.S., Randomised evaluation for university spin-offs, Technology Assessment Quarterly, 3, pp. 42-62, (2016)",Article,Final,,Scopus,2-s2.0-85000134623
Barbosa T.A.; Rezende V.L.; Ferreira G.B.; Kowalski J.Z.,57000001507; 57000001644; 57000001233; 57000002192,Orientation and mobility training for older adults with low vision,2018,Revista Brasileira de Tecnologia Inclusiva,11,4,94,115,22,41,10.5555/rbti.2018.0006,https://doi.org/10.5555/rbti.2018.0006,"This study investigates how assistive navigation devices are actually adopted outside the laboratory. We follow a cohort of participants through a structured orientation and mobility programme, and assess the approach through task completion, perceived autonomy and abandonment rates over six months. Findings indicate that sustained use depends far more on training and fit than on sensor accuracy. We discuss the implications for  older adults with low vision.",independent living; visual impairment; usability,assistive technology; visual impairment; assisted navigation,"Rezende V.L.., Barbosa T.A.., Okonkwo C., Participatory design practices in indoor environments, Revista Brasileira de Tecnologia Inclusiva, 6, pp. 8-27, (2015); Moreira R.C.., Rezende V.L.., Lindqvist E.M., Participatory design practices for people with visual impairment, Sensors and Wearable Computing, 20, pp. 61-77, (2015); Moreira R.C.., Okonkwo C.., Duarte M.S., Accessibility guidelines for people with visual impairment, Revista Brasileira de Tecnologia Inclusiva, 22, pp. 228-250, (2016); Silva J.M.., Prado C.E.., Nakamura T., On-device inference pipelines on microcontroller-class hardware, Sensors and Wearable Computing, 25, pp. 103-122, (2016); Ferreira G.B.., Lindqvist E.M.., Rezende V.L., Obstacle detection aids for older adults with low vision, Sensors and Wearable Computing, 18, pp. 123-146, (2017); Santoro G.P.., Tanaka Y.U.., Andrade B.M., Cross-modal attention studies for real-time obstacle alerts, Revista Brasileira de Tecnologia Inclusiva, 28, pp. 171-185, (2017); Cardoso I.S.., Vasconcelos L.M., Public procurement policies under constrained public budgets, Journal of Innovation and Public Policy, 12, pp. 41-49, (2017)",Article,Final,All Open Access,Scopus,2-s2.0-85000142542
Ramalho J.P.; Barbosa T.A.; Rezende V.L.; Costa A.R.,57000003562; 57000001507; 57000001644; 57000000137,Accessibility guidelines for older adults with low vision,2018,Assistive Technology Letters,20,2,125,140,16,55,10.5555/atl.2018.0001,https://doi.org/10.5555/atl.2018.0001,"This study investigates how assistive navigation devices are actually adopted outside the laboratory. We follow a cohort of participants through a structured orientation and mobility programme, and assess the approach through task completion, perceived autonomy and abandonment rates over six months. Findings indicate that sustained use depends far more on training and fit than on sensor accuracy. We discuss the implications for urban public transport.",assisted navigation; usability; universal design,assistive technology; visual impairment; assisted navigation,"Vasconcelos L.M.., Muller S.D.., Nogueira D.R., Regulatory frameworks in public health systems, Journal of Innovation and Public Policy, 19, pp. 185-196, (2014); Moreira R.C.., Barbosa T.A.., Ramalho J.P., Longitudinal adoption studies for older adults with low vision, Frontiers in Accessible Computing, 18, pp. 84-96, (2015); Rezende V.L.., Barbosa T.A.., Okonkwo C., Participatory design practices in indoor environments, Revista Brasileira de Tecnologia Inclusiva, 6, pp. 8-27, (2015); Almeida L.F.., Costa A.R.., Silva J.M., Edge-cloud offloading strategies on microcontroller-class hardware, Journal of Embedded Vision Systems, 24, pp. 109-129, (2016); Ibrahim H.A.., Nogueira D.R.., Cardoso I.S., Randomised evaluation for university spin-offs, Technology Assessment Quarterly, 3, pp. 42-62, (2016); Ferreira G.B.., Lindqvist E.M.., Rezende V.L., Obstacle detection aids for older adults with low vision, Sensors and Wearable Computing, 18, pp. 123-146, (2017); Moreira R.C.., Ferreira G.B.., Ramalho J.P., Wayfinding support in indoor environments, Revista Brasileira de Tecnologia Inclusiva, 7, pp. 218-227, (2017)",Article,Final,,Scopus,2-s2.0-85000150461
Rezende V.L.; Ferreira G.B.,57000001644; 57000001233,Assistive navigation systems in rehabilitation centres,2018,Revista Brasileira de Tecnologia Inclusiva,5,3,103,120,18,55,10.5555/rbti.2018.0007,https://doi.org/10.5555/rbti.2018.0007,"This study investigates how assistive navigation devices are actually adopted outside the laboratory. We follow a cohort of participants through a structured orientation and mobility programme, and assess the approach through task completion, perceived autonomy and abandonment rates over six months. Findings indicate that sustained use depends far more on training and fit than on sensor accuracy. We discuss the implications for rehabilitation centres.",assistive technology; usability; orientation and mobility; independent living,assistive technology; visual impairment; assisted navigation,"Moreira R.C.., Barbosa T.A.., Ramalho J.P., Longitudinal adoption studies for older adults with low vision, Frontiers in Accessible Computing, 18, pp. 84-96, (2015); Moreira R.C.., Rezende V.L.., Lindqvist E.M., Participatory design practices for people with visual impairment, Sensors and Wearable Computing, 20, pp. 61-77, (2015); Almeida L.F.., Costa A.R.., Silva J.M., Edge-cloud offloading strategies on microcontroller-class hardware, Journal of Embedded Vision Systems, 24, pp. 109-129, (2016); Moreira R.C.., Okonkwo C.., Duarte M.S., Accessibility guidelines for people with visual impairment, Revista Brasileira de Tecnologia Inclusiva, 22, pp. 228-250, (2016); Nakamura T.., Oliveira P.H., Energy-aware vision models in low-power assistive devices, Sensors and Wearable Computing, 13, pp. 206-217, (2017); Ferreira G.B.., Lindqvist E.M.., Rezende V.L., Obstacle detection aids for older adults with low vision, Sensors and Wearable Computing, 18, pp. 123-146, (2017); Sousa M.V.., Andrade B.M.., Kowalski J.Z., Sonification strategies for scene description interfaces, Journal of Multimodal Interfaces, 27, pp. 229-251, (2017)",Article,Final,,Scopus,2-s2.0-85000158380
Ferreira G.B.; Rezende V.L.; Duarte M.S.; Barbosa T.A.,57000001233; 57000001644; 57000000959; 57000001507,Wayfinding support for independent living,2018,Sensors and Wearable Computing,3,3,96,118,23,85,10.5555/swc.2018.0005,https://doi.org/10.5555/swc.2018.0005,"This study investigates how assistive navigation devices are actually adopted outside the laboratory. We follow a cohort of participants through a structured orientation and mobility programme, and assess the approach through task completion, perceived autonomy and abandonment rates over six months. Findings indicate that sustained use depends far more on training and fit than on sensor accuracy. We discuss the implications for  older adults with low vision.",orientation and mobility; assisted navigation; assistive technology,assistive technology; visual impairment; assisted navigation,"Rezende V.L.., Barbosa T.A.., Moreira R.C., Longitudinal adoption studies for independent living, Frontiers in Accessible Computing, 28, pp. 6-19, (2015); Vasconcelos L.M.., Pereira A.C.., Muller S.D., Technology transfer pathways under constrained public budgets, Technology Assessment Quarterly, 28, pp. 31-53, (2016); Nakamura T.., Oliveira P.H., Energy-aware vision models in low-power assistive devices, Sensors and Wearable Computing, 13, pp. 206-217, (2017); Ferreira G.B.., Lindqvist E.M.., Rezende V.L., Obstacle detection aids for older adults with low vision, Sensors and Wearable Computing, 18, pp. 123-146, (2017); Moreira R.C.., Ferreira G.B.., Ramalho J.P., Wayfinding support in indoor environments, Revista Brasileira de Tecnologia Inclusiva, 7, pp. 218-227, (2017)",Article,Final,All Open Access,Scopus,2-s2.0-85000166299
Tanaka Y.U.; Sousa M.V.,57000002466; 57000003699,Spatial audio feedback during pedestrian navigation,2018,Journal of Multimodal Interfaces,10,2,65,80,16,107,10.5555/jmi.2018.0003,https://doi.org/10.5555/jmi.2018.0003,"This study investigates how audio and tactile channels compete for attention when a device narrates the surroundings. We compare sonification schemes against vibrotactile encodings in a within-subject experiment, and assess the approach through reaction time, route deviation and NASA-TLX cognitive load scores. Findings indicate that sparse tactile cues outperform continuous audio once the environment gets noisy. We discuss the implications for er divided-attention conditions.",wearable interfaces; multimodal interfaces; sensory substitution; cognitive load; assisted navigation,spatial audio; haptic feedback; multimodal interfaces,"Santoro G.P.., Sousa M.V.., Andrade B.M., Spatial audio feedback for real-time obstacle alerts, Journal of Multimodal Interfaces, 6, pp. 182-195, (2014); Moreira R.C.., Barbosa T.A.., Ramalho J.P., Longitudinal adoption studies for older adults with low vision, Frontiers in Accessible Computing, 18, pp. 84-96, (2015); Rezende V.L.., Barbosa T.A.., Moreira R.C., Longitudinal adoption studies for independent living, Frontiers in Accessible Computing, 28, pp. 6-19, (2015); Almeida L.F.., Costa A.R.., Silva J.M., Edge-cloud offloading strategies on microcontroller-class hardware, Journal of Embedded Vision Systems, 24, pp. 109-129, (2016); Ferreira G.B.., Lindqvist E.M.., Rezende V.L., Obstacle detection aids for older adults with low vision, Sensors and Wearable Computing, 18, pp. 123-146, (2017); Santoro G.P.., Tanaka Y.U.., Andrade B.M., Cross-modal attention studies for real-time obstacle alerts, Revista Brasileira de Tecnologia Inclusiva, 28, pp. 171-185, (2017); Sousa M.V.., Andrade B.M.., Kowalski J.Z., Sonification strategies for scene description interfaces, Journal of Multimodal Interfaces, 27, pp. 229-251, (2017); Cardoso I.S.., Vasconcelos L.M., Public procurement policies under constrained public budgets, Journal of Innovation and Public Policy, 12, pp. 41-49, (2017)",Article,Final,,Scopus,2-s2.0-85000174218
Lindqvist E.M.; Ferreira G.B.; Ramalho J.P.; Barbosa T.A.; Moreira R.C.,57000001370; 57000001233; 57000003562; 57000001507; 57000000822,User-centred design for people with visual impairment,2018,Revista Brasileira de Tecnologia Inclusiva,13,2,220,231,12,101,10.5555/rbti.2018.0008,https://doi.org/10.5555/rbti.2018.0008,"This study investigates how assistive navigation devices are actually adopted outside the laboratory. We follow a cohort of participants through a structured orientation and mobility programme, and assess the approach through task completion, perceived autonomy and abandonment rates over six months. Findings indicate that sustained use depends far more on training and fit than on sensor accuracy. We discuss the implications for  independent living.",rehabilitation; assisted navigation; independent living,assistive technology; visual impairment; assisted navigation,"Santoro G.P.., Sousa M.V.., Andrade B.M., Spatial audio feedback for real-time obstacle alerts, Journal of Multimodal Interfaces, 6, pp. 182-195, (2014); Moreira R.C.., Barbosa T.A.., Ramalho J.P., Longitudinal adoption studies for older adults with low vision, Frontiers in Accessible Computing, 18, pp. 84-96, (2015); Rezende V.L.., Barbosa T.A.., Okonkwo C., Participatory design practices in indoor environments, Revista Brasileira de Tecnologia Inclusiva, 6, pp. 8-27, (2015); Silva J.M.., Prado C.E.., Nakamura T., On-device inference pipelines on microcontroller-class hardware, Sensors and Wearable Computing, 25, pp. 103-122, (2016); Ibrahim H.A.., Nogueira D.R.., Cardoso I.S., Randomised evaluation for university spin-offs, Technology Assessment Quarterly, 3, pp. 42-62, (2016); Ferreira G.B.., Lindqvist E.M.., Rezende V.L., Obstacle detection aids for older adults with low vision, Sensors and Wearable Computing, 18, pp. 123-146, (2017); Moreira R.C.., Ferreira G.B.., Ramalho J.P., Wayfinding support in indoor environments, Revista Brasileira de Tecnologia Inclusiva, 7, pp. 218-227, (2017)",Article,Final,,Scopus,2-s2.0-85000182137
Bergstrom K.; Prado C.E.; Nakamura T.; Almeida L.F.,57000000548; 57000003425; 57000000274; 57000000685,Edge-cloud offloading strategies for wearable cameras,2018,Journal of Embedded Vision Systems,26,1,140,148,9,150,10.5555/jevs.2018.0002,https://doi.org/10.5555/jevs.2018.0002,"This study investigates how compact vision models can run within the power and memory envelope of wearable hardware. We train a family of quantized detectors and profile them on microcontroller-class boards, and assess the approach through latency, energy draw and detection accuracy on an indoor scene benchmark. Findings indicate that 8-bit quantization preserves most of the accuracy while cutting inference time by roughly half. We discuss the implications for low-power assistive devices.",embedded systems; convolutional neural networks; computer vision,computer vision; deep learning; TinyML,"Rezende V.L.., Barbosa T.A.., Okonkwo C., Participatory design practices in indoor environments, Revista Brasileira de Tecnologia Inclusiva, 6, pp. 8-27, (2015); Almeida L.F.., Costa A.R.., Silva J.M., Edge-cloud offloading strategies on microcontroller-class hardware, Journal of Embedded Vision Systems, 24, pp. 109-129, (2016); Moreira R.C.., Okonkwo C.., Duarte M.S., Accessibility guidelines for people with visual impairment, Revista Brasileira de Tecnologia Inclusiva, 22, pp. 228-250, (2016); Silva J.M.., Prado C.E.., Nakamura T., On-device inference pipelines on microcontroller-class hardware, Sensors and Wearable Computing, 25, pp. 103-122, (2016); Nakamura T.., Oliveira P.H., Energy-aware vision models in low-power assistive devices, Sensors and Wearable Computing, 13, pp. 206-217, (2017); Ferreira G.B.., Lindqvist E.M.., Rezende V.L., Obstacle detection aids for older adults with low vision, Sensors and Wearable Computing, 18, pp. 123-146, (2017)",Article,Final,All Open Access,Scopus,2-s2.0-85000190056
Cardoso I.S.; Pereira A.C.; Nogueira D.R.; Vasconcelos L.M.; Ibrahim H.A.; Bergstrom K.,57000002603; 57000002877; 57000003014; 57000003288; 57000003151; 57000000548,Health technology assessment for university spin-offs,2019,Journal of Innovation and Public Policy,17,1,138,160,23,71,10.5555/jipp.2019.0003,https://doi.org/10.5555/jipp.2019.0003,"This study investigates what it costs a public health system to deploy assistive wearables at scale. We build a decision-analytic model calibrated with procurement data from three regions, and assess the approach through incremental cost per quality-adjusted life year and budget impact over five years. Findings indicate that locally manufactured devices reach acceptable thresholds where imported ones do not. We discuss the implications for assistive wearable devices.",cost-effectiveness; intellectual property; health economics; public procurement,technology assessment; cost-effectiveness; public policy,"Vasconcelos L.M.., Muller S.D.., Nogueira D.R., Regulatory frameworks in public health systems, Journal of Innovation and Public Policy, 19, pp. 185-196, (2014); Moreira R.C.., Barbosa T.A.., Ramalho J.P., Longitudinal adoption studies for older adults with low vision, Frontiers in Accessible Computing, 18, pp. 84-96, (2015); Vasconcelos L.M.., Pereira A.C.., Muller S.D., Technology transfer pathways under constrained public budgets, Technology Assessment Quarterly, 28, pp. 31-53, (2016); Ibrahim H.A.., Nogueira D.R.., Cardoso I.S., Randomised evaluation for university spin-offs, Technology Assessment Quarterly, 3, pp. 42-62, (2016); Ferreira G.B.., Lindqvist E.M.., Rezende V.L., Obstacle detection aids for older adults with low vision, Sensors and Wearable Computing, 18, pp. 123-146, (2017); Sousa M.V.., Andrade B.M.., Kowalski J.Z., Sonification strategies for scene description interfaces, Journal of Multimodal Interfaces, 27, pp. 229-251, (2017); Cardoso I.S.., Vasconcelos L.M., Public procurement policies under constrained public budgets, Journal of Innovation and Public Policy, 12, pp. 41-49, (2017)",Article,Final,,Scopus,2-s2.0-85000197975
Oliveira P.H.; Prado C.E.; Almeida L.F.; Nakamura T.; Pereira A.C.,57000000411; 57000003425; 57000000685; 57000000274; 57000002877,Lightweight convolutional networks under constrained memory budgets,2019,Sensors and Wearable Computing,21,4,48,56,9,53,10.5555/swc.2019.0006,https://doi.org/10.5555/swc.2019.0006,"This study investigates how compact vision models can run within the power and memory envelope of wearable hardware. We train a family of quantized detectors and profile them on microcontroller-class boards, and assess the approach through latency, energy draw and detection accuracy on an indoor scene benchmark. Findings indicate that 8-bit quantization preserves most of the accuracy while cutting inference time by roughly half. We discuss the implications for low-power assistive devices.",model quantization; edge inference; convolutional neural networks; deep learning,computer vision; deep learning; TinyML,"Moreira R.C.., Barbosa T.A.., Ramalho J.P., Longitudinal adoption studies for older adults with low vision, Frontiers in Accessible Computing, 18, pp. 84-96, (2015); Moreira R.C.., Rezende V.L.., Lindqvist E.M., Participatory design practices for people with visual impairment, Sensors and Wearable Computing, 20, pp. 61-77, (2015); Silva J.M.., Prado C.E.., Nakamura T., On-device inference pipelines on microcontroller-class hardware, Sensors and Wearable Computing, 25, pp. 103-122, (2016); Bergstrom K.., Prado C.E.., Nakamura T., Edge-cloud offloading strategies for wearable cameras, Journal of Embedded Vision Systems, 26, pp. 140-148, (2018)",Article,Final,,Scopus,2-s2.0-85000205894
Nogueira D.R.; Cardoso I.S.; Silva J.M.,57000003014; 57000002603; 57000000000,Cost-effectiveness analysis for low-cost assistive technology,2019,Journal of Multimodal Interfaces,5,1,34,58,25,64,10.5555/jmi.2019.0004,https://doi.org/10.5555/jmi.2019.0004,"This study investigates what it costs a public health system to deploy assistive wearables at scale. We build a decision-analytic model calibrated with procurement data from three regions, and assess the approach through incremental cost per quality-adjusted life year and budget impact over five years. Findings indicate that locally manufactured devices reach acceptable thresholds where imported ones do not. We discuss the implications for public health systems.",intellectual property; cost-effectiveness; technology assessment; health economics,technology assessment; cost-effectiveness; public policy,"Vasconcelos L.M.., Muller S.D.., Nogueira D.R., Regulatory frameworks in public health systems, Journal of Innovation and Public Policy, 19, pp. 185-196, (2014); Ibrahim H.A.., Nogueira D.R.., Cardoso I.S., Randomised evaluation for university spin-offs, Technology Assessment Quarterly, 3, pp. 42-62, (2016); Moreira R.C.., Ferreira G.B.., Ramalho J.P., Wayfinding support in indoor environments, Revista Brasileira de Tecnologia Inclusiva, 7, pp. 218-227, (2017); Cardoso I.S.., Vasconcelos L.M., Public procurement policies under constrained public budgets, Journal of Innovation and Public Policy, 12, pp. 41-49, (2017); Ferreira G.B.., Rezende V.L.., Duarte M.S., Wayfinding support for independent living, Sensors and Wearable Computing, 3, pp. 96-118, (2018)",Article,Final,All Open Access,Scopus,2-s2.0-85000213813
Barbosa T.A.; Lindqvist E.M.; Ferreira G.B.; Ramalho J.P.; Sousa M.V.,57000001507; 57000001370; 57000001233; 57000003562; 57000003699,Longitudinal adoption studies in indoor environments,2019,Assistive Technology Letters,27,4,40,52,13,22,10.5555/atl.2019.0002,https://doi.org/10.5555/atl.2019.0002,"This study investigates how assistive navigation devices are actually adopted outside the laboratory. We follow a cohort of participants through a structured orientation and mobility programme, and assess the approach through task completion, perceived autonomy and abandonment rates over six months. Findings indicate that sustained use depends far more on training and fit than on sensor accuracy. We discuss the implications for  older adults with low vision.",assistive technology; universal design; rehabilitation; assisted navigation,assistive technology; visual impairment; assisted navigation,"Santoro G.P.., Sousa M.V.., Andrade B.M., Spatial audio feedback for real-time obstacle alerts, Journal of Multimodal Interfaces, 6, pp. 182-195, (2014); Ferreira G.B.., Barbosa T.A.., Duarte M.S., Wayfinding support for older adults with low vision, Revista Brasileira de Tecnologia Inclusiva, 15, pp. 189-199, (2014); Ibrahim H.A.., Nogueira D.R.., Cardoso I.S., Randomised evaluation for university spin-offs, Technology Assessment Quarterly, 3, pp. 42-62, (2016); Barbosa T.A.., Rezende V.L.., Ferreira G.B., Orientation and mobility training for older adults with low vision, Revista Brasileira de Tecnologia Inclusiva, 11, pp. 94-115, (2018); Rezende V.L.., Ferreira G.B., Assistive navigation systems in rehabilitation centres, Revista Brasileira de Tecnologia Inclusiva, 5, pp. 103-120, (2018); Ferreira G.B.., Rezende V.L.., Duarte M.S., Wayfinding support for independent living, Sensors and Wearable Computing, 3, pp. 96-118, (2018); Tanaka Y.U.., Sousa M.V., Spatial audio feedback during pedestrian navigation, Journal of Multimodal Interfaces, 10, pp. 65-80, (2018); Lindqvist E.M.., Ferreira G.B.., Ramalho J.P., User-centred design for people with visual impairment, Revista Brasileira de Tecnologia Inclusiva, 13, pp. 220-231, (2018)",Article,Final,,Scopus,2-s2.0-85000221732
Tanaka Y.U.; Santoro G.P.; Kowalski J.Z.; Sousa M.V.,57000002466; 57000001918; 57000002192; 57000003699,Cognitive load assessment during pedestrian navigation,2019,Journal of Multimodal Interfaces,4,1,41,54,14,65,10.5555/jmi.2019.0005,https://doi.org/10.5555/jmi.2019.0005,"This study investigates how audio and tactile channels compete for attention when a device narrates the surroundings. We compare sonification schemes against vibrotactile encodings in a within-subject experiment, and assess the approach through reaction time, route deviation and NASA-TLX cognitive load scores. Findings indicate that sparse tactile cues outperform continuous audio once the environment gets noisy. We discuss the implications for  real-time obstacle alerts.",wearable interfaces; haptic feedback; sonification; spatial audio,spatial audio; haptic feedback; multimodal interfaces,"Santoro G.P.., Sousa M.V.., Andrade B.M., Spatial audio feedback for real-time obstacle alerts, Journal of Multimodal Interfaces, 6, pp. 182-195, (2014); Almeida L.F.., Costa A.R.., Silva J.M., Edge-cloud offloading strategies on microcontroller-class hardware, Journal of Embedded Vision Systems, 24, pp. 109-129, (2016); Santoro G.P.., Tanaka Y.U.., Andrade B.M., Cross-modal attention studies for real-time obstacle alerts, Revista Brasileira de Tecnologia Inclusiva, 28, pp. 171-185, (2017); Sousa M.V.., Andrade B.M.., Kowalski J.Z., Sonification strategies for scene description interfaces, Journal of Multimodal Interfaces, 27, pp. 229-251, (2017); Ramalho J.P.., Barbosa T.A.., Rezende V.L., Accessibility guidelines for older adults with low vision, Assistive Technology Letters, 20, pp. 125-140, (2018); Tanaka Y.U.., Sousa M.V., Spatial audio feedback during pedestrian navigation, Journal of Multimodal Interfaces, 10, pp. 65-80, (2018); Lindqvist E.M.., Ferreira G.B.., Ramalho J.P., User-centred design for people with visual impairment, Revista Brasileira de Tecnologia Inclusiva, 13, pp. 220-231, (2018); Bergstrom K.., Prado C.E.., Nakamura T., Edge-cloud offloading strategies for wearable cameras, Journal of Embedded Vision Systems, 26, pp. 140-148, (2018)",Article,Final,,Scopus,2-s2.0-85000229651
Nogueira D.R.; Ibrahim H.A.; Bergstrom K.,57000003014; 57000003151; 57000000548,Health technology assessment in public health systems,2019,Journal of Innovation and Public Policy,13,2,62,79,18,97,10.5555/jipp.2019.0004,https://doi.org/10.5555/jipp.2019.0004,"This study investigates what it costs a public health system to deploy assistive wearables at scale. We build a decision-analytic model calibrated with procurement data from three regions, and assess the approach through incremental cost per quality-adjusted life year and budget impact over five years. Findings indicate that locally manufactured devices reach acceptable thresholds where imported ones do not. We discuss the implications for public health systems.",health economics; technology assessment; cost-effectiveness,technology assessment; cost-effectiveness; public policy,"Vasconcelos L.M.., Muller S.D.., Nogueira D.R., Regulatory frameworks in public health systems, Journal of Innovation and Public Policy, 19, pp. 185-196, (2014); Vasconcelos L.M.., Pereira A.C.., Muller S.D., Technology transfer pathways under constrained public budgets, Technology Assessment Quarterly, 28, pp. 31-53, (2016); Silva J.M.., Prado C.E.., Nakamura T., On-device inference pipelines on microcontroller-class hardware, Sensors and Wearable Computing, 25, pp. 103-122, (2016); Ibrahim H.A.., Nogueira D.R.., Cardoso I.S., Randomised evaluation for university spin-offs, Technology Assessment Quarterly, 3, pp. 42-62, (2016); Cardoso I.S.., Vasconcelos L.M., Public procurement policies under constrained public budgets, Journal of Innovation and Public Policy, 12, pp. 41-49, (2017); Ferreira G.B.., Rezende V.L.., Duarte M.S., Wayfinding support for independent living, Sensors and Wearable Computing, 3, pp. 96-118, (2018)",Article,Final,All Open Access,Scopus,2-s2.0-85000237570
Lindqvist E.M.; Duarte M.S.; Barbosa T.A.; Ferreira G.B.; Ramalho J.P.,57000001370; 57000000959; 57000001507; 57000001233; 57000003562,User-centred design for older adults with low vision,2019,Revista Brasileira de Tecnologia Inclusiva,13,1,192,211,20,65,10.5555/rbti.2019.0009,https://doi.org/10.5555/rbti.2019.0009,"This study investigates how assistive navigation devices are actually adopted outside the laboratory. We follow a cohort of participants through a structured orientation and mobility programme, and assess the approach through task completion, perceived autonomy and abandonment rates over six months. Findings indicate that sustained use depends far more on training and fit than on sensor accuracy. We discuss the implications for  people with visual impairment.",rehabilitation; visual impairment; assistive technology; independent living,assistive technology; visual impairment; assisted navigation,"Moreira R.C.., Rezende V.L.., Lindqvist E.M., Participatory design practices for people with visual impairment, Sensors and Wearable Computing, 20, pp. 61-77, (2015); Ibrahim H.A.., Nogueira D.R.., Cardoso I.S., Randomised evaluation for university spin-offs, Technology Assessment Quarterly, 3, pp. 42-62, (2016); Ferreira G.B.., Lindqvist E.M.., Rezende V.L., Obstacle detection aids for older adults with low vision, Sensors and Wearable Computing, 18, pp. 123-146, (2017); Moreira R.C.., Ferreira G.B.., Ramalho J.P., Wayfinding support in indoor environments, Revista Brasileira de Tecnologia Inclusiva, 7, pp. 218-227, (2017); Sousa M.V.., Andrade B.M.., Kowalski J.Z., Sonification strategies for scene description interfaces, Journal of Multimodal Interfaces, 27, pp. 229-251, (2017); Lindqvist E.M.., Ferreira G.B.., Ramalho J.P., User-centred design for people with visual impairment, Revista Brasileira de Tecnologia Inclusiva, 13, pp. 220-231, (2018)",Article,Final,,Scopus,2-s2.0-85000245489
Almeida L.F.; Nakamura T.,57000000685; 57000000274,TinyML architectures in embedded vision pipelines,2019,Sensors and Wearable Computing,12,3,57,67,11,153,10.5555/swc.2019.0007,https://doi.org/10.5555/swc.2019.0007,"This study investigates how compact vision models can run within the power and memory envelope of wearable hardware. We train a family of quantized detectors and profile them on microcontroller-class boards, and assess the approach through latency, energy draw and detection accuracy on an indoor scene benchmark. Findings indicate that 8-bit quantization preserves most of the accuracy while cutting inference time by roughly half. We discuss the implications for embedded vision pipelines.",deep learning; object detection; model quantization,computer vision; deep learning; TinyML,"Moreira R.C.., Rezende V.L.., Lindqvist E.M., Participatory design practices for people with visual impairment, Sensors and Wearable Computing, 20, pp. 61-77, (2015); Almeida L.F.., Costa A.R.., Silva J.M., Edge-cloud offloading strategies on microcontroller-class hardware, Journal of Embedded Vision Systems, 24, pp. 109-129, (2016); Silva J.M.., Prado C.E.., Nakamura T., On-device inference pipelines on microcontroller-class hardware, Sensors and Wearable Computing, 25, pp. 103-122, (2016); Ibrahim H.A.., Nogueira D.R.., Cardoso I.S., Randomised evaluation for university spin-offs, Technology Assessment Quarterly, 3, pp. 42-62, (2016); Nakamura T.., Oliveira P.H., Energy-aware vision models in low-power assistive devices, Sensors and Wearable Computing, 13, pp. 206-217, (2017)",Article,Final,,Scopus,2-s2.0-85000253408
Nakamura T.; Oliveira P.H.; Prado C.E.; Almeida L.F.; Silva J.M.,57000000274; 57000000411; 57000003425; 57000000685; 57000000000,Energy-aware vision models in embedded vision pipelines,2020,Sensors and Wearable Computing,19,1,93,110,18,38,10.5555/swc.2020.0008,https://doi.org/10.5555/swc.2020.0008,"This study investigates how compact vision models can run within the power and memory envelope of wearable hardware. We train a family of quantized detectors and profile them on microcontroller-class boards, and assess the approach through latency, energy draw and detection accuracy on an indoor scene benchmark. Findings indicate that 8-bit quantization preserves most of the accuracy while cutting inference time by roughly half. We discuss the implications for microcontroller-class hardware.",convolutional neural networks; embedded systems; TinyML; model quantization; cognitive load,computer vision; deep learning; TinyML,"Rezende V.L.., Barbosa T.A.., Moreira R.C., Longitudinal adoption studies for independent living, Frontiers in Accessible Computing, 28, pp. 6-19, (2015); Moreira R.C.., Rezende V.L.., Lindqvist E.M., Participatory design practices for people with visual impairment, Sensors and Wearable Computing, 20, pp. 61-77, (2015); Almeida L.F.., Costa A.R.., Silva J.M., Edge-cloud offloading strategies on microcontroller-class hardware, Journal of Embedded Vision Systems, 24, pp. 109-129, (2016); Nakamura T.., Oliveira P.H., Energy-aware vision models in low-power assistive devices, Sensors and Wearable Computing, 13, pp. 206-217, (2017); Ferreira G.B.., Rezende V.L.., Duarte M.S., Wayfinding support for independent living, Sensors and Wearable Computing, 3, pp. 96-118, (2018); Oliveira P.H.., Prado C.E.., Almeida L.F., Lightweight convolutional networks under constrained memory budgets, Sensors and Wearable Computing, 21, pp. 48-56, (2019); Almeida L.F.., Nakamura T., TinyML architectures in embedded vision pipelines, Sensors and Wearable Computing, 12, pp. 57-67, (2019)",Article,Final,All Open Access,Scopus,2-s2.0-85000261327
Haddad N.; Sousa M.V.; Menezes F.R.,57000001781; 57000003699; 57000002055,Cognitive load assessment for real-time obstacle alerts,2020,Journal of Multimodal Interfaces,24,4,100,111,12,57,10.5555/jmi.2020.0006,https://doi.org/10.5555/jmi.2020.0006,"This study investigates how audio and tactile channels compete for attention when a device narrates the surroundings. We compare sonification schemes against vibrotactile encodings in a within-subject experiment, and assess the approach through reaction time, route deviation and NASA-TLX cognitive load scores. Findings indicate that sparse tactile cues outperform continuous audio once the environment gets noisy. We discuss the implications for ing pedestrian navigation.",human-computer interaction; sonification; wearable interfaces,spatial audio; haptic feedback; multimodal interfaces,"Santoro G.P.., Sousa M.V.., Andrade B.M., Spatial audio feedback for real-time obstacle alerts, Journal of Multimodal Interfaces, 6, pp. 182-195, (2014); Santoro G.P.., Tanaka Y.U.., Andrade B.M., Cross-modal attention studies for real-time obstacle alerts, Revista Brasileira de Tecnologia Inclusiva, 28, pp. 171-185, (2017); Almeida L.F.., Nakamura T., TinyML architectures in embedded vision pipelines, Sensors and Wearable Computing, 12, pp. 57-67, (2019)",Article,Final,,Scopus,2-s2.0-85000269246
Pereira A.C.; Cardoso I.S.; Ibrahim H.A.,57000002877; 57000002603; 57000003151,Intellectual property strategies for university spin-offs,2020,Frontiers in Accessible Computing,26,1,232,242,11,75,10.5555/fac.2020.0003,https://doi.org/10.5555/fac.2020.0003,"This study investigates what it costs a public health system to deploy assistive wearables at scale. We build a decision-analytic model calibrated with procurement data from three regions, and assess the approach through incremental cost per quality-adjusted life year and budget impact over five years. Findings indicate that locally manufactured devices reach acceptable thresholds where imported ones do not. We discuss the implications for assistive wearable devices.",innovation ecosystems; health economics; intellectual property; technology assessment,technology assessment; cost-effectiveness; public policy,"Vasconcelos L.M.., Muller S.D.., Nogueira D.R., Regulatory frameworks in public health systems, Journal of Innovation and Public Policy, 19, pp. 185-196, (2014); Rezende V.L.., Barbosa T.A.., Moreira R.C., Longitudinal adoption studies for independent living, Frontiers in Accessible Computing, 28, pp. 6-19, (2015); Moreira R.C.., Rezende V.L.., Lindqvist E.M., Participatory design practices for people with visual impairment, Sensors and Wearable Computing, 20, pp. 61-77, (2015); Cardoso I.S.., Pereira A.C.., Nogueira D.R., Health technology assessment for university spin-offs, Journal of Innovation and Public Policy, 17, pp. 138-160, (2019); Nogueira D.R.., Ibrahim H.A.., Bergstrom K., Health technology assessment in public health systems, Journal of Innovation and Public Policy, 13, pp. 62-79, (2019)",Article,Final,,Scopus,2-s2.0-85000277165
Almeida L.F.; Costa A.R.,57000000685; 57000000137,Quantized object detectors in low-power assistive devices,2020,Journal of Embedded Vision Systems,28,1,155,179,25,60,10.5555/jevs.2020.0003,https://doi.org/10.5555/jevs.2020.0003,"This study investigates how compact vision models can run within the power and memory envelope of wearable hardware. We train a family of quantized detectors and profile them on microcontroller-class boards, and assess the approach through latency, energy draw and detection accuracy on an indoor scene benchmark. Findings indicate that 8-bit quantization preserves most of the accuracy while cutting inference time by roughly half. We discuss the implications for  wearable cameras.",deep learning; TinyML; computer vision; convolutional neural networks,computer vision; deep learning; TinyML,"Moreira R.C.., Rezende V.L.., Lindqvist E.M., Participatory design practices for people with visual impairment, Sensors and Wearable Computing, 20, pp. 61-77, (2015); Almeida L.F.., Costa A.R.., Silva J.M., Edge-cloud offloading strategies on microcontroller-class hardware, Journal of Embedded Vision Systems, 24, pp. 109-129, (2016); Silva J.M.., Prado C.E.., Nakamura T., On-device inference pipelines on microcontroller-class hardware, Sensors and Wearable Computing, 25, pp. 103-122, (2016); Cardoso I.S.., Vasconcelos L.M., Public procurement policies under constrained public budgets, Journal of Innovation and Public Policy, 12, pp. 41-49, (2017); Bergstrom K.., Prado C.E.., Nakamura T., Edge-cloud offloading strategies for wearable cameras, Journal of Embedded Vision Systems, 26, pp. 140-148, (2018); Oliveira P.H.., Prado C.E.., Almeida L.F., Lightweight convolutional networks under constrained memory budgets, Sensors and Wearable Computing, 21, pp. 48-56, (2019); Nogueira D.R.., Cardoso I.S.., Silva J.M., Cost-effectiveness analysis for low-cost assistive technology, Journal of Multimodal Interfaces, 5, pp. 34-58, (2019); Almeida L.F.., Nakamura T., TinyML architectures in embedded vision pipelines, Sensors and Wearable Computing, 12, pp. 57-67, (2019)",Article,Final,All Open Access,Scopus,2-s2.0-85000285084
Nakamura T.; Costa A.R.,57000000274; 57000000137,Real-time semantic segmentation in low-power assistive devices,2020,Journal of Embedded Vision Systems,24,1,143,164,22,43,10.5555/jevs.2020.0004,https://doi.org/10.5555/jevs.2020.0004,"This study investigates how compact vision models can run within the power and memory envelope of wearable hardware. We train a family of quantized detectors and profile them on microcontroller-class boards, and assess the approach through latency, energy draw and detection accuracy on an indoor scene benchmark. Findings indicate that 8-bit quantization preserves most of the accuracy while cutting inference time by roughly half. We discuss the implications for low-power assistive devices.",model quantization; TinyML; computer vision,computer vision; deep learning; TinyML,"Almeida L.F.., Costa A.R.., Silva J.M., Edge-cloud offloading strategies on microcontroller-class hardware, Journal of Embedded Vision Systems, 24, pp. 109-129, (2016); Tanaka Y.U.., Santoro G.P.., Kowalski J.Z., Cognitive load assessment during pedestrian navigation, Journal of Multimodal Interfaces, 4, pp. 41-54, (2019); Almeida L.F.., Nakamura T., TinyML architectures in embedded vision pipelines, Sensors and Wearable Computing, 12, pp. 57-67, (2019)",Article,Final,,Scopus,2-s2.0-85000293003
Almeida L.F.; Bergstrom K.,57000000685; 57000000548,Lightweight convolutional networks on microcontroller-class hardware,2020,Journal of Embedded Vision Systems,3,3,167,177,11,48,10.5555/jevs.2020.0005,https://doi.org/10.5555/jevs.2020.0005,"This study investigates how compact vision models can run within the power and memory envelope of wearable hardware. We train a family of quantized detectors and profile them on microcontroller-class boards, and assess the approach through latency, energy draw and detection accuracy on an indoor scene benchmark. Findings indicate that 8-bit quantization preserves most of the accuracy while cutting inference time by roughly half. We discuss the implications for  wearable cameras.",TinyML; deep learning; embedded systems; convolutional neural networks,computer vision; deep learning; TinyML,"Nakamura T.., Oliveira P.H., Energy-aware vision models in low-power assistive devices, Sensors and Wearable Computing, 13, pp. 206-217, (2017); Moreira R.C.., Ferreira G.B.., Ramalho J.P., Wayfinding support in indoor environments, Revista Brasileira de Tecnologia Inclusiva, 7, pp. 218-227, (2017); Cardoso I.S.., Vasconcelos L.M., Public procurement policies under constrained public budgets, Journal of Innovation and Public Policy, 12, pp. 41-49, (2017); Almeida L.F.., Nakamura T., TinyML architectures in embedded vision pipelines, Sensors and Wearable Computing, 12, pp. 57-67, (2019)",Article,Final,,Scopus,2-s2.0-85000300922
Silva J.M.; Almeida L.F.; Nakamura T.; Muller S.D.,57000000000; 57000000685; 57000000274; 57000002740,On-device inference pipelines in low-power assistive devices,2020,Sensors and Wearable Computing,22,2,216,227,12,49,10.5555/swc.2020.0009,https://doi.org/10.5555/swc.2020.0009,"This study investigates how compact vision models can run within the power and memory envelope of wearable hardware. We train a family of quantized detectors and profile them on microcontroller-class boards, and assess the approach through latency, energy draw and detection accuracy on an indoor scene benchmark. Findings indicate that 8-bit quantization preserves most of the accuracy while cutting inference time by roughly half. We discuss the implications for embedded vision pipelines.",edge inference; TinyML; computer vision,computer vision; deep learning; TinyML,"Almeida L.F.., Costa A.R.., Silva J.M., Edge-cloud offloading strategies on microcontroller-class hardware, Journal of Embedded Vision Systems, 24, pp. 109-129, (2016); Silva J.M.., Prado C.E.., Nakamura T., On-device inference pipelines on microcontroller-class hardware, Sensors and Wearable Computing, 25, pp. 103-122, (2016); Santoro G.P.., Tanaka Y.U.., Andrade B.M., Cross-modal attention studies for real-time obstacle alerts, Revista Brasileira de Tecnologia Inclusiva, 28, pp. 171-185, (2017); Cardoso I.S.., Vasconcelos L.M., Public procurement policies under constrained public budgets, Journal of Innovation and Public Policy, 12, pp. 41-49, (2017); Bergstrom K.., Prado C.E.., Nakamura T., Edge-cloud offloading strategies for wearable cameras, Journal of Embedded Vision Systems, 26, pp. 140-148, (2018); Oliveira P.H.., Prado C.E.., Almeida L.F., Lightweight convolutional networks under constrained memory budgets, Sensors and Wearable Computing, 21, pp. 48-56, (2019); Lindqvist E.M.., Duarte M.S.., Barbosa T.A., User-centred design for older adults with low vision, Revista Brasileira de Tecnologia Inclusiva, 13, pp. 192-211, (2019)",Article,Final,All Open Access,Scopus,2-s2.0-85000308841
Vasconcelos L.M.; Nogueira D.R.; Cardoso I.S.; Ibrahim H.A.; Silva J.M.,57000003288; 57000003014; 57000002603; 57000003151; 57000000000,Technology transfer pathways in emerging innovation ecosystems,2020,Technology Assessment Quarterly,3,4,66,78,13,103,10.5555/taq.2020.0003,https://doi.org/10.5555/taq.2020.0003,"This study investigates what it costs a public health system to deploy assistive wearables at scale. We build a decision-analytic model calibrated with procurement data from three regions, and assess the approach through incremental cost per quality-adjusted life year and budget impact over five years. Findings indicate that locally manufactured devices reach acceptable thresholds where imported ones do not. We discuss the implications for er constrained public budgets.",technology transfer; cost-effectiveness; health economics,technology assessment; cost-effectiveness; public policy,"Vasconcelos L.M.., Muller S.D.., Nogueira D.R., Regulatory frameworks in public health systems, Journal of Innovation and Public Policy, 19, pp. 185-196, (2014); Moreira R.C.., Okonkwo C.., Duarte M.S., Accessibility guidelines for people with visual impairment, Revista Brasileira de Tecnologia Inclusiva, 22, pp. 228-250, (2016); Vasconcelos L.M.., Pereira A.C.., Muller S.D., Technology transfer pathways under constrained public budgets, Technology Assessment Quarterly, 28, pp. 31-53, (2016); Silva J.M.., Prado C.E.., Nakamura T., On-device inference pipelines on microcontroller-class hardware, Sensors and Wearable Computing, 25, pp. 103-122, (2016); Cardoso I.S.., Vasconcelos L.M., Public procurement policies under constrained public budgets, Journal of Innovation and Public Policy, 12, pp. 41-49, (2017); Lindqvist E.M.., Ferreira G.B.., Ramalho J.P., User-centred design for people with visual impairment, Revista Brasileira de Tecnologia Inclusiva, 13, pp. 220-231, (2018); Nogueira D.R.., Cardoso I.S.., Silva J.M., Cost-effectiveness analysis for low-cost assistive technology, Journal of Multimodal Interfaces, 5, pp. 34-58, (2019); Nogueira D.R.., Ibrahim H.A.., Bergstrom K., Health technology assessment in public health systems, Journal of Innovation and Public Policy, 13, pp. 62-79, (2019)",Article,Final,,Scopus,2-s2.0-85000316760
Pereira A.C.; Muller S.D.; Ibrahim H.A.; Cardoso I.S.,57000002877; 57000002740; 57000003151; 57000002603,Regulatory frameworks for low-cost assistive technology,2020,Revista Brasileira de Tecnologia Inclusiva,6,4,139,151,13,80,10.5555/rbti.2020.0010,https://doi.org/10.5555/rbti.2020.0010,"This study investigates what it costs a public health system to deploy assistive wearables at scale. We build a decision-analytic model calibrated with procurement data from three regions, and assess the approach through incremental cost per quality-adjusted life year and budget impact over five years. Findings indicate that locally manufactured devices reach acceptable thresholds where imported ones do not. We discuss the implications for er constrained public budgets.",cost-effectiveness; technology assessment; public procurement; public policy; assistive technology,technology assessment; cost-effectiveness; public policy,"Vasconcelos L.M.., Muller S.D.., Nogueira D.R., Regulatory frameworks in public health systems, Journal of Innovation and Public Policy, 19, pp. 185-196, (2014); Vasconcelos L.M.., Pereira A.C.., Muller S.D., Technology transfer pathways under constrained public budgets, Technology Assessment Quarterly, 28, pp. 31-53, (2016); Nakamura T.., Oliveira P.H., Energy-aware vision models in low-power assistive devices, Sensors and Wearable Computing, 13, pp. 206-217, (2017); Cardoso I.S.., Vasconcelos L.M., Public procurement policies under constrained public budgets, Journal of Innovation and Public Policy, 12, pp. 41-49, (2017); Almeida L.F.., Nakamura T., TinyML architectures in embedded vision pipelines, Sensors and Wearable Computing, 12, pp. 57-67, (2019)",Article,Final,,Scopus,2-s2.0-85000324679
Andrade B.M.; Tanaka Y.U.; Santoro G.P.; Sousa M.V.; Silva J.M.,57000002329; 57000002466; 57000001918; 57000003699; 57000000000,Multimodal interface design under divided-attention conditions,2021,Interaction and Perception Review,14,1,214,238,25,49,10.5555/ipr.2021.0001,https://doi.org/10.5555/ipr.2021.0001,"This study investigates how audio and tactile channels compete for attention when a device narrates the surroundings. We compare sonification schemes against vibrotactile encodings in a within-subject experiment, and assess the approach through reaction time, route deviation and NASA-TLX cognitive load scores. Findings indicate that sparse tactile cues outperform continuous audio once the environment gets noisy. We discuss the implications for er divided-attention conditions.",spatial audio; cognitive load; sonification; haptic feedback; computer vision,spatial audio; haptic feedback; multimodal interfaces,"Santoro G.P.., Sousa M.V.., Andrade B.M., Spatial audio feedback for real-time obstacle alerts, Journal of Multimodal Interfaces, 6, pp. 182-195, (2014); Santoro G.P.., Tanaka Y.U.., Andrade B.M., Cross-modal attention studies for real-time obstacle alerts, Revista Brasileira de Tecnologia Inclusiva, 28, pp. 171-185, (2017); Nogueira D.R.., Ibrahim H.A.., Bergstrom K., Health technology assessment in public health systems, Journal of Innovation and Public Policy, 13, pp. 62-79, (2019); Haddad N.., Sousa M.V.., Menezes F.R., Cognitive load assessment for real-time obstacle alerts, Journal of Multimodal Interfaces, 24, pp. 100-111, (2020); Pereira A.C.., Muller S.D.., Ibrahim H.A., Regulatory frameworks for low-cost assistive technology, Revista Brasileira de Tecnologia Inclusiva, 6, pp. 139-151, (2020)",Article,Final,All Open Access,Scopus,2-s2.0-85000332598
Ibrahim H.A.; Muller S.D.; Nogueira D.R.; Pereira A.C.; Barbosa T.A.,57000003151; 57000002740; 57000003014; 57000002877; 57000001507,Intellectual property strategies for low-cost assistive technology,2021,Journal of Innovation and Public Policy,18,4,161,184,24,37,10.5555/jipp.2021.0005,https://doi.org/10.5555/jipp.2021.0005,"This study investigates what it costs a public health system to deploy assistive wearables at scale. We build a decision-analytic model calibrated with procurement data from three regions, and assess the approach through incremental cost per quality-adjusted life year and budget impact over five years. Findings indicate that locally manufactured devices reach acceptable thresholds where imported ones do not. We discuss the implications for er constrained public budgets.",cost-effectiveness; intellectual property; technology transfer,technology assessment; cost-effectiveness; public policy,"Vasconcelos L.M.., Muller S.D.., Nogueira D.R., Regulatory frameworks in public health systems, Journal of Innovation and Public Policy, 19, pp. 185-196, (2014); Vasconcelos L.M.., Pereira A.C.., Muller S.D., Technology transfer pathways under constrained public budgets, Technology Assessment Quarterly, 28, pp. 31-53, (2016); Moreira R.C.., Ferreira G.B.., Ramalho J.P., Wayfinding support in indoor environments, Revista Brasileira de Tecnologia Inclusiva, 7, pp. 218-227, (2017); Cardoso I.S.., Vasconcelos L.M., Public procurement policies under constrained public budgets, Journal of Innovation and Public Policy, 12, pp. 41-49, (2017); Ferreira G.B.., Rezende V.L.., Duarte M.S., Wayfinding support for independent living, Sensors and Wearable Computing, 3, pp. 96-118, (2018); Nogueira D.R.., Ibrahim H.A.., Bergstrom K., Health technology assessment in public health systems, Journal of Innovation and Public Policy, 13, pp. 62-79, (2019); Nakamura T.., Oliveira P.H.., Prado C.E., Energy-aware vision models in embedded vision pipelines, Sensors and Wearable Computing, 19, pp. 93-110, (2020); Pereira A.C.., Cardoso I.S.., Ibrahim H.A., Intellectual property strategies for university spin-offs, Frontiers in Accessible Computing, 26, pp. 232-242, (2020)",Article,Final,,Scopus,2-s2.0-85000340517
Ferreira G.B.; Rezende V.L.,57000001233; 57000001644,Participatory design practices in rehabilitation centres,2021,Frontiers in Accessible Computing,22,1,68,80,13,50,10.5555/fac.2021.0004,https://doi.org/10.5555/fac.2021.0004,"This study investigates how assistive navigation devices are actually adopted outside the laboratory. We follow a cohort of participants through a structured orientation and mobility programme, and assess the approach through task completion, perceived autonomy and abandonment rates over six months. Findings indicate that sustained use depends far more on training and fit than on sensor accuracy. We discuss the implications for urban public transport.",universal design; assistive technology; usability,assistive technology; visual impairment; assisted navigation,"Moreira R.C.., Ferreira G.B.., Ramalho J.P., Wayfinding support in indoor environments, Revista Brasileira de Tecnologia Inclusiva, 7, pp. 218-227, (2017); Rezende V.L.., Ferreira G.B., Assistive navigation systems in rehabilitation centres, Revista Brasileira de Tecnologia Inclusiva, 5, pp. 103-120, (2018); Pereira A.C.., Muller S.D.., Ibrahim H.A., Regulatory frameworks for low-cost assistive technology, Revista Brasileira de Tecnologia Inclusiva, 6, pp. 139-151, (2020)",Article,Final,,Scopus,2-s2.0-85000348436
Cardoso I.S.; Pereira A.C.,57000002603; 57000002877,Cost-effectiveness analysis under constrained public budgets,2021,Journal of Innovation and Public Policy,5,1,106,126,21,20,10.5555/jipp.2021.0006,https://doi.org/10.5555/jipp.2021.0006,"This study investigates what it costs a public health system to deploy assistive wearables at scale. We build a decision-analytic model calibrated with procurement data from three regions, and assess the approach through incremental cost per quality-adjusted life year and budget impact over five years. Findings indicate that locally manufactured devices reach acceptable thresholds where imported ones do not. We discuss the implications for  low-cost assistive technology.",cost-effectiveness; health economics; public procurement; technology assessment; orientation and mobility,technology assessment; cost-effectiveness; public policy,"Bergstrom K.., Prado C.E.., Nakamura T., Edge-cloud offloading strategies for wearable cameras, Journal of Embedded Vision Systems, 26, pp. 140-148, (2018); Nogueira D.R.., Ibrahim H.A.., Bergstrom K., Health technology assessment in public health systems, Journal of Innovation and Public Policy, 13, pp. 62-79, (2019); Pereira A.C.., Cardoso I.S.., Ibrahim H.A., Intellectual property strategies for university spin-offs, Frontiers in Accessible Computing, 26, pp. 232-242, (2020); Almeida L.F.., Costa A.R., Quantized object detectors in low-power assistive devices, Journal of Embedded Vision Systems, 28, pp. 155-179, (2020); Pereira A.C.., Muller S.D.., Ibrahim H.A., Regulatory frameworks for low-cost assistive technology, Revista Brasileira de Tecnologia Inclusiva, 6, pp. 139-151, (2020)",Article,Final,All Open Access,Scopus,2-s2.0-85000356355
Cardoso I.S.; Ibrahim H.A.,57000002603; 57000003151,Regulatory frameworks of assistive wearable devices,2021,Journal of Innovation and Public Policy,26,3,230,244,15,55,10.5555/jipp.2021.0007,https://doi.org/10.5555/jipp.2021.0007,"This study investigates what it costs a public health system to deploy assistive wearables at scale. We build a decision-analytic model calibrated with procurement data from three regions, and assess the approach through incremental cost per quality-adjusted life year and budget impact over five years. Findings indicate that locally manufactured devices reach acceptable thresholds where imported ones do not. We discuss the implications for  university spin-offs.",public policy; technology transfer; technology assessment; assisted navigation,technology assessment; cost-effectiveness; public policy,"Ibrahim H.A.., Nogueira D.R.., Cardoso I.S., Randomised evaluation for university spin-offs, Technology Assessment Quarterly, 3, pp. 42-62, (2016); Sousa M.V.., Andrade B.M.., Kowalski J.Z., Sonification strategies for scene description interfaces, Journal of Multimodal Interfaces, 27, pp. 229-251, (2017); Cardoso I.S.., Pereira A.C.., Nogueira D.R., Health technology assessment for university spin-offs, Journal of Innovation and Public Policy, 17, pp. 138-160, (2019); Nogueira D.R.., Ibrahim H.A.., Bergstrom K., Health technology assessment in public health systems, Journal of Innovation and Public Policy, 13, pp. 62-79, (2019); Nakamura T.., Oliveira P.H.., Prado C.E., Energy-aware vision models in embedded vision pipelines, Sensors and Wearable Computing, 19, pp. 93-110, (2020); Pereira A.C.., Cardoso I.S.., Ibrahim H.A., Intellectual property strategies for university spin-offs, Frontiers in Accessible Computing, 26, pp. 232-242, (2020); Almeida L.F.., Costa A.R., Quantized object detectors in low-power assistive devices, Journal of Embedded Vision Systems, 28, pp. 155-179, (2020); Pereira A.C.., Muller S.D.., Ibrahim H.A., Regulatory frameworks for low-cost assistive technology, Revista Brasileira de Tecnologia Inclusiva, 6, pp. 139-151, (2020)",Article,Final,,Scopus,2-s2.0-85000364274
Nogueira D.R.; Cardoso I.S.; Pereira A.C.; Oliveira P.H.,57000003014; 57000002603; 57000002877; 57000000411,Intellectual property strategies in public health systems,2021,Journal of Multimodal Interfaces,14,2,163,180,18,71,10.5555/jmi.2021.0007,https://doi.org/10.5555/jmi.2021.0007,"This study investigates what it costs a public health system to deploy assistive wearables at scale. We build a decision-analytic model calibrated with procurement data from three regions, and assess the approach through incremental cost per quality-adjusted life year and budget impact over five years. Findings indicate that locally manufactured devices reach acceptable thresholds where imported ones do not. We discuss the implications for public health systems.",technology assessment; public policy; intellectual property,technology assessment; cost-effectiveness; public policy,"Vasconcelos L.M.., Muller S.D.., Nogueira D.R., Regulatory frameworks in public health systems, Journal of Innovation and Public Policy, 19, pp. 185-196, (2014); Moreira R.C.., Okonkwo C.., Duarte M.S., Accessibility guidelines for people with visual impairment, Revista Brasileira de Tecnologia Inclusiva, 22, pp. 228-250, (2016); Vasconcelos L.M.., Pereira A.C.., Muller S.D., Technology transfer pathways under constrained public budgets, Technology Assessment Quarterly, 28, pp. 31-53, (2016); Sousa M.V.., Andrade B.M.., Kowalski J.Z., Sonification strategies for scene description interfaces, Journal of Multimodal Interfaces, 27, pp. 229-251, (2017); Bergstrom K.., Prado C.E.., Nakamura T., Edge-cloud offloading strategies for wearable cameras, Journal of Embedded Vision Systems, 26, pp. 140-148, (2018); Cardoso I.S.., Pereira A.C.., Nogueira D.R., Health technology assessment for university spin-offs, Journal of Innovation and Public Policy, 17, pp. 138-160, (2019); Pereira A.C.., Muller S.D.., Ibrahim H.A., Regulatory frameworks for low-cost assistive technology, Revista Brasileira de Tecnologia Inclusiva, 6, pp. 139-151, (2020)",Article,Final,,Scopus,2-s2.0-85000372193
Ibrahim H.A.; Nogueira D.R.; Pereira A.C.; Muller S.D.; Okonkwo C.,57000003151; 57000003014; 57000002877; 57000002740; 57000001096,Cost-effectiveness analysis in emerging innovation ecosystems,2021,Journal of Innovation and Public Policy,26,3,43,62,20,16,10.5555/jipp.2021.0008,https://doi.org/10.5555/jipp.2021.0008,"This study investigates what it costs a public health system to deploy assistive wearables at scale. We build a decision-analytic model calibrated with procurement data from three regions, and assess the approach through incremental cost per quality-adjusted life year and budget impact over five years. Findings indicate that locally manufactured devices reach acceptable thresholds where imported ones do not. We discuss the implications for er constrained public budgets.",innovation ecosystems; public policy; technology assessment,technology assessment; cost-effectiveness; public policy,"Silva J.M.., Prado C.E.., Nakamura T., On-device inference pipelines on microcontroller-class hardware, Sensors and Wearable Computing, 25, pp. 103-122, (2016); Ibrahim H.A.., Nogueira D.R.., Cardoso I.S., Randomised evaluation for university spin-offs, Technology Assessment Quarterly, 3, pp. 42-62, (2016); Moreira R.C.., Ferreira G.B.., Ramalho J.P., Wayfinding support in indoor environments, Revista Brasileira de Tecnologia Inclusiva, 7, pp. 218-227, (2017); Nogueira D.R.., Ibrahim H.A.., Bergstrom K., Health technology assessment in public health systems, Journal of Innovation and Public Policy, 13, pp. 62-79, (2019); Pereira A.C.., Muller S.D.., Ibrahim H.A., Regulatory frameworks for low-cost assistive technology, Revista Brasileira de Tecnologia Inclusiva, 6, pp. 139-151, (2020)",Article,Final,All Open Access,Scopus,2-s2.0-85000380112
Duarte M.S.; Okonkwo C.; Ramalho J.P.; Rezende V.L.,57000000959; 57000001096; 57000003562; 57000001644,User-centred design in indoor environments,2021,Frontiers in Accessible Computing,13,4,231,248,18,41,10.5555/fac.2021.0005,https://doi.org/10.5555/fac.2021.0005,"This study investigates how assistive navigation devices are actually adopted outside the laboratory. We follow a cohort of participants through a structured orientation and mobility programme, and assess the approach through task completion, perceived autonomy and abandonment rates over six months. Findings indicate that sustained use depends far more on training and fit than on sensor accuracy. We discuss the implications for indoor environments.",rehabilitation; assisted navigation; orientation and mobility; assistive technology,assistive technology; visual impairment; assisted navigation,"Moreira R.C.., Okonkwo C.., Duarte M.S., Accessibility guidelines for people with visual impairment, Revista Brasileira de Tecnologia Inclusiva, 22, pp. 228-250, (2016); Cardoso I.S.., Vasconcelos L.M., Public procurement policies under constrained public budgets, Journal of Innovation and Public Policy, 12, pp. 41-49, (2017); Barbosa T.A.., Rezende V.L.., Ferreira G.B., Orientation and mobility training for older adults with low vision, Revista Brasileira de Tecnologia Inclusiva, 11, pp. 94-115, (2018); Ramalho J.P.., Barbosa T.A.., Rezende V.L., Accessibility guidelines for older adults with low vision, Assistive Technology Letters, 20, pp. 125-140, (2018); Lindqvist E.M.., Ferreira G.B.., Ramalho J.P., User-centred design for people with visual impairment, Revista Brasileira de Tecnologia Inclusiva, 13, pp. 220-231, (2018); Nogueira D.R.., Cardoso I.S.., Silva J.M., Cost-effectiveness analysis for low-cost assistive technology, Journal of Multimodal Interfaces, 5, pp. 34-58, (2019); Lindqvist E.M.., Duarte M.S.., Barbosa T.A., User-centred design for older adults with low vision, Revista Brasileira de Tecnologia Inclusiva, 13, pp. 192-211, (2019); Pereira A.C.., Muller S.D.., Ibrahim H.A., Regulatory frameworks for low-cost assistive technology, Revista Brasileira de Tecnologia Inclusiva, 6, pp. 139-151, (2020)",Article,Final,,Scopus,2-s2.0-85000388031
Silva J.M.; Bergstrom K.; Oliveira P.H.; Nakamura T.; Almeida L.F.,57000000000; 57000000548; 57000000411; 57000000274; 57000000685,TinyML architectures on microcontroller-class hardware,2021,Journal of Embedded Vision Systems,12,4,5,20,16,16,10.5555/jevs.2021.0006,https://doi.org/10.5555/jevs.2021.0006,"This study investigates how compact vision models can run within the power and memory envelope of wearable hardware. We train a family of quantized detectors and profile them on microcontroller-class boards, and assess the approach through latency, energy draw and detection accuracy on an indoor scene benchmark. Findings indicate that 8-bit quantization preserves most of the accuracy while cutting inference time by roughly half. We discuss the implications for er constrained memory budgets.",embedded systems; computer vision; edge inference,computer vision; deep learning; TinyML,"Almeida L.F.., Costa A.R.., Silva J.M., Edge-cloud offloading strategies on microcontroller-class hardware, Journal of Embedded Vision Systems, 24, pp. 109-129, (2016); Ferreira G.B.., Rezende V.L.., Duarte M.S., Wayfinding support for independent living, Sensors and Wearable Computing, 3, pp. 96-118, (2018); Oliveira P.H.., Prado C.E.., Almeida L.F., Lightweight convolutional networks under constrained memory budgets, Sensors and Wearable Computing, 21, pp. 48-56, (2019); Nakamura T.., Oliveira P.H.., Prado C.E., Energy-aware vision models in embedded vision pipelines, Sensors and Wearable Computing, 19, pp. 93-110, (2020); Pereira A.C.., Cardoso I.S.., Ibrahim H.A., Intellectual property strategies for university spin-offs, Frontiers in Accessible Computing, 26, pp. 232-242, (2020); Almeida L.F.., Bergstrom K., Lightweight convolutional networks on microcontroller-class hardware, Journal of Embedded Vision Systems, 3, pp. 167-177, (2020); Silva J.M.., Almeida L.F.., Nakamura T., On-device inference pipelines in low-power assistive devices, Sensors and Wearable Computing, 22, pp. 216-227, (2020); Vasconcelos L.M.., Nogueira D.R.., Cardoso I.S., Technology transfer pathways in emerging innovation ecosystems, Technology Assessment Quarterly, 3, pp. 66-78, (2020)",Article,Final,,Scopus,2-s2.0-85000395950
Andrade B.M.; Santoro G.P.,57000002329; 57000001918,Multimodal interface design in wearable guidance devices,2021,Interaction and Perception Review,17,4,170,184,15,100,10.5555/ipr.2021.0002,https://doi.org/10.5555/ipr.2021.0002,"This study investigates how audio and tactile channels compete for attention when a device narrates the surroundings. We compare sonification schemes against vibrotactile encodings in a within-subject experiment, and assess the approach through reaction time, route deviation and NASA-TLX cognitive load scores. Findings indicate that sparse tactile cues outperform continuous audio once the environment gets noisy. We discuss the implications for  real-time obstacle alerts.",cognitive load; sensory substitution; multimodal interfaces,spatial audio; haptic feedback; multimodal interfaces,"Santoro G.P.., Tanaka Y.U.., Andrade B.M., Cross-modal attention studies for real-time obstacle alerts, Revista Brasileira de Tecnologia Inclusiva, 28, pp. 171-185, (2017); Tanaka Y.U.., Sousa M.V., Spatial audio feedback during pedestrian navigation, Journal of Multimodal Interfaces, 10, pp. 65-80, (2018); Nakamura T.., Costa A.R., Real-time semantic segmentation in low-power assistive devices, Journal of Embedded Vision Systems, 24, pp. 143-164, (2020)",Article,Final,All Open Access,Scopus,2-s2.0-85000403869
Costa A.R.; Nakamura T.; Silva J.M.; Bergstrom K.; Andrade B.M.,57000000137; 57000000274; 57000000000; 57000000548; 57000002329,Energy-aware vision models for wearable cameras,2022,Journal of Embedded Vision Systems,8,1,100,112,13,9,10.5555/jevs.2022.0007,https://doi.org/10.5555/jevs.2022.0007,"This study investigates how compact vision models can run within the power and memory envelope of wearable hardware. We train a family of quantized detectors and profile them on microcontroller-class boards, and assess the approach through latency, energy draw and detection accuracy on an indoor scene benchmark. Findings indicate that 8-bit quantization preserves most of the accuracy while cutting inference time by roughly half. We discuss the implications for  wearable cameras.",convolutional neural networks; edge inference; embedded systems; spatial audio,computer vision; deep learning; TinyML,"Nakamura T.., Oliveira P.H., Energy-aware vision models in low-power assistive devices, Sensors and Wearable Computing, 13, pp. 206-217, (2017); Almeida L.F.., Costa A.R., Quantized object detectors in low-power assistive devices, Journal of Embedded Vision Systems, 28, pp. 155-179, (2020); Cardoso I.S.., Ibrahim H.A., Regulatory frameworks of assistive wearable devices, Journal of Innovation and Public Policy, 26, pp. 230-244, (2021); Andrade B.M.., Santoro G.P., Multimodal interface design in wearable guidance devices, Interaction and Perception Review, 17, pp. 170-184, (2021)",Article,Final,,Scopus,2-s2.0-85000411788
Haddad N.; Menezes F.R.; Tanaka Y.U.; Prado C.E.,57000001781; 57000002055; 57000002466; 57000003425,Haptic vibrotactile cues during pedestrian navigation,2022,Journal of Multimodal Interfaces,9,2,35,46,12,27,10.5555/jmi.2022.0008,https://doi.org/10.5555/jmi.2022.0008,"This study investigates how audio and tactile channels compete for attention when a device narrates the surroundings. We compare sonification schemes against vibrotactile encodings in a within-subject experiment, and assess the approach through reaction time, route deviation and NASA-TLX cognitive load scores. Findings indicate that sparse tactile cues outperform continuous audio once the environment gets noisy. We discuss the implications for head-mounted assistive systems.",multimodal interfaces; cognitive load; sensory substitution; human-computer interaction,spatial audio; haptic feedback; multimodal interfaces,"Santoro G.P.., Tanaka Y.U.., Andrade B.M., Cross-modal attention studies for real-time obstacle alerts, Revista Brasileira de Tecnologia Inclusiva, 28, pp. 171-185, (2017); Tanaka Y.U.., Santoro G.P.., Kowalski J.Z., Cognitive load assessment during pedestrian navigation, Journal of Multimodal Interfaces, 4, pp. 41-54, (2019); Silva J.M.., Almeida L.F.., Nakamura T., On-device inference pipelines in low-power assistive devices, Sensors and Wearable Computing, 22, pp. 216-227, (2020)",Article,Final,,Scopus,2-s2.0-85000419707
Okonkwo C.; Lindqvist E.M.,57000001096; 57000001370,Obstacle detection aids in urban public transport,2022,Frontiers in Accessible Computing,26,3,56,68,13,39,10.5555/fac.2022.0006,https://doi.org/10.5555/fac.2022.0006,"This study investigates how assistive navigation devices are actually adopted outside the laboratory. We follow a cohort of participants through a structured orientation and mobility programme, and assess the approach through task completion, perceived autonomy and abandonment rates over six months. Findings indicate that sustained use depends far more on training and fit than on sensor accuracy. We discuss the implications for  people with visual impairment.",visual impairment; usability; independent living; universal design,assistive technology; visual impairment; assisted navigation,"Ferreira G.B.., Barbosa T.A.., Duarte M.S., Wayfinding support for older adults with low vision, Revista Brasileira de Tecnologia Inclusiva, 15, pp. 189-199, (2014); Moreira R.C.., Ferreira G.B.., Ramalho J.P., Wayfinding support in indoor environments, Revista Brasileira de Tecnologia Inclusiva, 7, pp. 218-227, (2017); Rezende V.L.., Ferreira G.B., Assistive navigation systems in rehabilitation centres, Revista Brasileira de Tecnologia Inclusiva, 5, pp. 103-120, (2018); Barbosa T.A.., Lindqvist E.M.., Ferreira G.B., Longitudinal adoption studies in indoor environments, Assistive Technology Letters, 27, pp. 40-52, (2019); Tanaka Y.U.., Santoro G.P.., Kowalski J.Z., Cognitive load assessment during pedestrian navigation, Journal of Multimodal Interfaces, 4, pp. 41-54, (2019); Nogueira D.R.., Ibrahim H.A.., Bergstrom K., Health technology assessment in public health systems, Journal of Innovation and Public Policy, 13, pp. 62-79, (2019); Cardoso I.S.., Ibrahim H.A., Regulatory frameworks of assistive wearable devices, Journal of Innovation and Public Policy, 26, pp. 230-244, (2021)",Article,Final,All Open Access,Scopus,2-s2.0-85000427626
Ramalho J.P.; Moreira R.C.; Ferreira G.B.; Duarte M.S.; Rezende V.L.; Pereira A.C.,57000003562; 57000000822; 57000001233; 57000000959; 57000001644; 57000002877,Orientation and mobility training in rehabilitation centres,2022,Revista Brasileira de Tecnologia Inclusiva,20,4,52,67,16,28,10.5555/rbti.2022.0011,https://doi.org/10.5555/rbti.2022.0011,"This study investigates how assistive navigation devices are actually adopted outside the laboratory. We follow a cohort of participants through a structured orientation and mobility programme, and assess the approach through task completion, perceived autonomy and abandonment rates over six months. Findings indicate that sustained use depends far more on training and fit than on sensor accuracy. We discuss the implications for  independent living.",visual impairment; assistive technology; orientation and mobility; TinyML,assistive technology; visual impairment; assisted navigation,"Moreira R.C.., Rezende V.L.., Lindqvist E.M., Participatory design practices for people with visual impairment, Sensors and Wearable Computing, 20, pp. 61-77, (2015); Lindqvist E.M.., Duarte M.S.., Barbosa T.A., User-centred design for older adults with low vision, Revista Brasileira de Tecnologia Inclusiva, 13, pp. 192-211, (2019); Almeida L.F.., Nakamura T., TinyML architectures in embedded vision pipelines, Sensors and Wearable Computing, 12, pp. 57-67, (2019); Vasconcelos L.M.., Nogueira D.R.., Cardoso I.S., Technology transfer pathways in emerging innovation ecosystems, Technology Assessment Quarterly, 3, pp. 66-78, (2020); Ferreira G.B.., Rezende V.L., Participatory design practices in rehabilitation centres, Frontiers in Accessible Computing, 22, pp. 68-80, (2021)",Article,Final,,Scopus,2-s2.0-85000435545
Lindqvist E.M.; Ramalho J.P.,57000001370; 57000003562,Orientation and mobility training for independent living,2022,Journal of Multimodal Interfaces,14,3,85,96,12,25,10.5555/jmi.2022.0009,https://doi.org/10.5555/jmi.2022.0009,"This study investigates how assistive navigation devices are actually adopted outside the laboratory. We follow a cohort of participants through a structured orientation and mobility programme, and assess the approach through task completion, perceived autonomy and abandonment rates over six months. Findings indicate that sustained use depends far more on training and fit than on sensor accuracy. We discuss the implications for  older adults with low vision.",orientation and mobility; universal design; assisted navigation,assistive technology; visual impairment; assisted navigation,"Moreira R.C.., Okonkwo C.., Duarte M.S., Accessibility guidelines for people with visual impairment, Revista Brasileira de Tecnologia Inclusiva, 22, pp. 228-250, (2016); Ferreira G.B.., Lindqvist E.M.., Rezende V.L., Obstacle detection aids for older adults with low vision, Sensors and Wearable Computing, 18, pp. 123-146, (2017); Moreira R.C.., Ferreira G.B.., Ramalho J.P., Wayfinding support in indoor environments, Revista Brasileira de Tecnologia Inclusiva, 7, pp. 218-227, (2017); Ramalho J.P.., Barbosa T.A.., Rezende V.L., Accessibility guidelines for older adults with low vision, Assistive Technology Letters, 20, pp. 125-140, (2018); Vasconcelos L.M.., Nogueira D.R.., Cardoso I.S., Technology transfer pathways in emerging innovation ecosystems, Technology Assessment Quarterly, 3, pp. 66-78, (2020); Ibrahim H.A.., Muller S.D.., Nogueira D.R., Intellectual property strategies for low-cost assistive technology, Journal of Innovation and Public Policy, 18, pp. 161-184, (2021); Cardoso I.S.., Pereira A.C., Cost-effectiveness analysis under constrained public budgets, Journal of Innovation and Public Policy, 5, pp. 106-126, (2021); Duarte M.S.., Okonkwo C.., Ramalho J.P., User-centred design in indoor environments, Frontiers in Accessible Computing, 13, pp. 231-248, (2021)",Article,Final,,Scopus,2-s2.0-85000443464
Cardoso I.S.; Muller S.D.; Oliveira P.H.,57000002603; 57000002740; 57000000411,Intellectual property strategies under constrained public budgets,2022,Technology Assessment Quarterly,24,3,109,123,15,31,10.5555/taq.2022.0004,https://doi.org/10.5555/taq.2022.0004,"This study investigates what it costs a public health system to deploy assistive wearables at scale. We build a decision-analytic model calibrated with procurement data from three regions, and assess the approach through incremental cost per quality-adjusted life year and budget impact over five years. Findings indicate that locally manufactured devices reach acceptable thresholds where imported ones do not. We discuss the implications for assistive wearable devices.",innovation ecosystems; public procurement; technology transfer; intellectual property; orientation and mobility,technology assessment; cost-effectiveness; public policy,"Santoro G.P.., Tanaka Y.U.., Andrade B.M., Cross-modal attention studies for real-time obstacle alerts, Revista Brasileira de Tecnologia Inclusiva, 28, pp. 171-185, (2017); Sousa M.V.., Andrade B.M.., Kowalski J.Z., Sonification strategies for scene description interfaces, Journal of Multimodal Interfaces, 27, pp. 229-251, (2017); Cardoso I.S.., Vasconcelos L.M., Public procurement policies under constrained public budgets, Journal of Innovation and Public Policy, 12, pp. 41-49, (2017); Pereira A.C.., Muller S.D.., Ibrahim H.A., Regulatory frameworks for low-cost assistive technology, Revista Brasileira de Tecnologia Inclusiva, 6, pp. 139-151, (2020); Cardoso I.S.., Ibrahim H.A., Regulatory frameworks of assistive wearable devices, Journal of Innovation and Public Policy, 26, pp. 230-244, (2021); Ibrahim H.A.., Nogueira D.R.., Pereira A.C., Cost-effectiveness analysis in emerging innovation ecosystems, Journal of Innovation and Public Policy, 26, pp. 43-62, (2021); Duarte M.S.., Okonkwo C.., Ramalho J.P., User-centred design in indoor environments, Frontiers in Accessible Computing, 13, pp. 231-248, (2021)",Article,Final,All Open Access,Scopus,2-s2.0-85000451383
Haddad N.; Tanaka Y.U.; Kowalski J.Z.; Menezes F.R.,57000001781; 57000002466; 57000002192; 57000002055,Multimodal interface design for scene description interfaces,2022,Journal of Multimodal Interfaces,26,3,60,70,11,63,10.5555/jmi.2022.0010,https://doi.org/10.5555/jmi.2022.0010,"This study investigates how audio and tactile channels compete for attention when a device narrates the surroundings. We compare sonification schemes against vibrotactile encodings in a within-subject experiment, and assess the approach through reaction time, route deviation and NASA-TLX cognitive load scores. Findings indicate that sparse tactile cues outperform continuous audio once the environment gets noisy. We discuss the implications for head-mounted assistive systems.",haptic feedback; human-computer interaction; cognitive load; wearable interfaces; edge inference,spatial audio; haptic feedback; multimodal interfaces,"Santoro G.P.., Tanaka Y.U.., Andrade B.M., Cross-modal attention studies for real-time obstacle alerts, Revista Brasileira de Tecnologia Inclusiva, 28, pp. 171-185, (2017); Cardoso I.S.., Ibrahim H.A., Regulatory frameworks of assistive wearable devices, Journal of Innovation and Public Policy, 26, pp. 230-244, (2021); Andrade B.M.., Santoro G.P., Multimodal interface design in wearable guidance devices, Interaction and Perception Review, 17, pp. 170-184, (2021)",Article,Final,,Scopus,2-s2.0-85000459302
Haddad N.; Andrade B.M.; Sousa M.V.; Costa A.R.,57000001781; 57000002329; 57000003699; 57000000137,Audio-tactile substitution in wearable guidance devices,2022,Interaction and Perception Review,16,4,111,126,16,26,10.5555/ipr.2022.0003,https://doi.org/10.5555/ipr.2022.0003,"This study investigates how audio and tactile channels compete for attention when a device narrates the surroundings. We compare sonification schemes against vibrotactile encodings in a within-subject experiment, and assess the approach through reaction time, route deviation and NASA-TLX cognitive load scores. Findings indicate that sparse tactile cues outperform continuous audio once the environment gets noisy. We discuss the implications for wearable guidance devices.",spatial audio; multimodal interfaces; human-computer interaction; cognitive load,spatial audio; haptic feedback; multimodal interfaces,"Ferreira G.B.., Barbosa T.A.., Duarte M.S., Wayfinding support for older adults with low vision, Revista Brasileira de Tecnologia Inclusiva, 15, pp. 189-199, (2014); Tanaka Y.U.., Santoro G.P.., Kowalski J.Z., Cognitive load assessment during pedestrian navigation, Journal of Multimodal Interfaces, 4, pp. 41-54, (2019); Lindqvist E.M.., Duarte M.S.., Barbosa T.A., User-centred design for older adults with low vision, Revista Brasileira de Tecnologia Inclusiva, 13, pp. 192-211, (2019); Andrade B.M.., Santoro G.P., Multimodal interface design in wearable guidance devices, Interaction and Perception Review, 17, pp. 170-184, (2021)",Article,Final,,Scopus,2-s2.0-85000467221
Kowalski J.Z.; Tanaka Y.U.; Haddad N.,57000002192; 57000002466; 57000001781,Sonification strategies during pedestrian navigation,2022,Journal of Multimodal Interfaces,20,2,130,149,20,65,10.5555/jmi.2022.0011,https://doi.org/10.5555/jmi.2022.0011,"This study investigates how audio and tactile channels compete for attention when a device narrates the surroundings. We compare sonification schemes against vibrotactile encodings in a within-subject experiment, and assess the approach through reaction time, route deviation and NASA-TLX cognitive load scores. Findings indicate that sparse tactile cues outperform continuous audio once the environment gets noisy. We discuss the implications for er divided-attention conditions.",multimodal interfaces; sensory substitution; human-computer interaction; spatial audio,spatial audio; haptic feedback; multimodal interfaces,"Sousa M.V.., Andrade B.M.., Kowalski J.Z., Sonification strategies for scene description interfaces, Journal of Multimodal Interfaces, 27, pp. 229-251, (2017); Almeida L.F.., Nakamura T., TinyML architectures in embedded vision pipelines, Sensors and Wearable Computing, 12, pp. 57-67, (2019); Haddad N.., Sousa M.V.., Menezes F.R., Cognitive load assessment for real-time obstacle alerts, Journal of Multimodal Interfaces, 24, pp. 100-111, (2020); Almeida L.F.., Costa A.R., Quantized object detectors in low-power assistive devices, Journal of Embedded Vision Systems, 28, pp. 155-179, (2020); Vasconcelos L.M.., Nogueira D.R.., Cardoso I.S., Technology transfer pathways in emerging innovation ecosystems, Technology Assessment Quarterly, 3, pp. 66-78, (2020); Andrade B.M.., Tanaka Y.U.., Santoro G.P., Multimodal interface design under divided-attention conditions, Interaction and Perception Review, 14, pp. 214-238, (2021); Andrade B.M.., Santoro G.P., Multimodal interface design in wearable guidance devices, Interaction and Perception Review, 17, pp. 170-184, (2021)",Article,Final,All Open Access,Scopus,2-s2.0-85000475140
Okonkwo C.; Duarte M.S.; Lindqvist E.M.; Rezende V.L.; Moreira R.C.; Costa A.R.,57000001096; 57000000959; 57000001370; 57000001644; 57000000822; 57000000137,Participatory design practices for older adults with low vision,2022,Assistive Technology Letters,10,3,42,61,20,26,10.5555/atl.2022.0003,https://doi.org/10.5555/atl.2022.0003,"This study investigates how assistive navigation devices are actually adopted outside the laboratory. We follow a cohort of participants through a structured orientation and mobility programme, and assess the approach through task completion, perceived autonomy and abandonment rates over six months. Findings indicate that sustained use depends far more on training and fit than on sensor accuracy. We discuss the implications for  people with visual impairment.",rehabilitation; assistive technology; independent living; universal design; technology transfer,assistive technology; visual impairment; assisted navigation,"Santoro G.P.., Sousa M.V.., Andrade B.M., Spatial audio feedback for real-time obstacle alerts, Journal of Multimodal Interfaces, 6, pp. 182-195, (2014); Moreira R.C.., Okonkwo C.., Duarte M.S., Accessibility guidelines for people with visual impairment, Revista Brasileira de Tecnologia Inclusiva, 22, pp. 228-250, (2016); Ferreira G.B.., Lindqvist E.M.., Rezende V.L., Obstacle detection aids for older adults with low vision, Sensors and Wearable Computing, 18, pp. 123-146, (2017); Rezende V.L.., Ferreira G.B., Assistive navigation systems in rehabilitation centres, Revista Brasileira de Tecnologia Inclusiva, 5, pp. 103-120, (2018); Bergstrom K.., Prado C.E.., Nakamura T., Edge-cloud offloading strategies for wearable cameras, Journal of Embedded Vision Systems, 26, pp. 140-148, (2018)",Article,Final,,Scopus,2-s2.0-85000483059
Duarte M.S.; Okonkwo C.; Barbosa T.A.; Lindqvist E.M.,57000000959; 57000001096; 57000001507; 57000001370,Wayfinding support in rehabilitation centres,2022,Assistive Technology Letters,6,2,202,225,24,51,10.5555/atl.2022.0004,https://doi.org/10.5555/atl.2022.0004,"This study investigates how assistive navigation devices are actually adopted outside the laboratory. We follow a cohort of participants through a structured orientation and mobility programme, and assess the approach through task completion, perceived autonomy and abandonment rates over six months. Findings indicate that sustained use depends far more on training and fit than on sensor accuracy. We discuss the implications for  people with visual impairment.",visual impairment; universal design; assistive technology; orientation and mobility,assistive technology; visual impairment; assisted navigation,"Ramalho J.P.., Barbosa T.A.., Rezende V.L., Accessibility guidelines for older adults with low vision, Assistive Technology Letters, 20, pp. 125-140, (2018); Vasconcelos L.M.., Nogueira D.R.., Cardoso I.S., Technology transfer pathways in emerging innovation ecosystems, Technology Assessment Quarterly, 3, pp. 66-78, (2020); Ferreira G.B.., Rezende V.L., Participatory design practices in rehabilitation centres, Frontiers in Accessible Computing, 22, pp. 68-80, (2021)",Article,Final,,Scopus,2-s2.0-85000490978
Oliveira P.H.; Almeida L.F.,57000000411; 57000000685,Edge-cloud offloading strategies in embedded vision pipelines,2023,Frontiers in Accessible Computing,11,1,199,209,11,48,10.5555/fac.2023.0007,https://doi.org/10.5555/fac.2023.0007,"This study investigates how compact vision models can run within the power and memory envelope of wearable hardware. We train a family of quantized detectors and profile them on microcontroller-class boards, and assess the approach through latency, energy draw and detection accuracy on an indoor scene benchmark. Findings indicate that 8-bit quantization preserves most of the accuracy while cutting inference time by roughly half. We discuss the implications for microcontroller-class hardware.",embedded systems; computer vision; object detection; edge inference,computer vision; deep learning; TinyML,"Bergstrom K.., Prado C.E.., Nakamura T., Edge-cloud offloading strategies for wearable cameras, Journal of Embedded Vision Systems, 26, pp. 140-148, (2018); Oliveira P.H.., Prado C.E.., Almeida L.F., Lightweight convolutional networks under constrained memory budgets, Sensors and Wearable Computing, 21, pp. 48-56, (2019); Almeida L.F.., Nakamura T., TinyML architectures in embedded vision pipelines, Sensors and Wearable Computing, 12, pp. 57-67, (2019); Almeida L.F.., Costa A.R., Quantized object detectors in low-power assistive devices, Journal of Embedded Vision Systems, 28, pp. 155-179, (2020); Almeida L.F.., Bergstrom K., Lightweight convolutional networks on microcontroller-class hardware, Journal of Embedded Vision Systems, 3, pp. 167-177, (2020); Ibrahim H.A.., Muller S.D.., Nogueira D.R., Intellectual property strategies for low-cost assistive technology, Journal of Innovation and Public Policy, 18, pp. 161-184, (2021); Okonkwo C.., Lindqvist E.M., Obstacle detection aids in urban public transport, Frontiers in Accessible Computing, 26, pp. 56-68, (2022); Kowalski J.Z.., Tanaka Y.U.., Haddad N., Sonification strategies during pedestrian navigation, Journal of Multimodal Interfaces, 20, pp. 130-149, (2022)",Article,Final,All Open Access,Scopus,2-s2.0-85000498897
Ferreira G.B.; Lindqvist E.M.; Moreira R.C.; Okonkwo C.; Vasconcelos L.M.,57000001233; 57000001370; 57000000822; 57000001096; 57000003288,Accessibility guidelines in rehabilitation centres,2023,Frontiers in Accessible Computing,16,2,27,51,25,19,10.5555/fac.2023.0008,https://doi.org/10.5555/fac.2023.0008,"This study investigates how assistive navigation devices are actually adopted outside the laboratory. We follow a cohort of participants through a structured orientation and mobility programme, and assess the approach through task completion, perceived autonomy and abandonment rates over six months. Findings indicate that sustained use depends far more on training and fit than on sensor accuracy. We discuss the implications for rehabilitation centres.",assistive technology; visual impairment; assisted navigation; universal design,assistive technology; visual impairment; assisted navigation,"Santoro G.P.., Sousa M.V.., Andrade B.M., Spatial audio feedback for real-time obstacle alerts, Journal of Multimodal Interfaces, 6, pp. 182-195, (2014); Ferreira G.B.., Barbosa T.A.., Duarte M.S., Wayfinding support for older adults with low vision, Revista Brasileira de Tecnologia Inclusiva, 15, pp. 189-199, (2014); Rezende V.L.., Barbosa T.A.., Moreira R.C., Longitudinal adoption studies for independent living, Frontiers in Accessible Computing, 28, pp. 6-19, (2015); Moreira R.C.., Okonkwo C.., Duarte M.S., Accessibility guidelines for people with visual impairment, Revista Brasileira de Tecnologia Inclusiva, 22, pp. 228-250, (2016); Cardoso I.S.., Pereira A.C., Cost-effectiveness analysis under constrained public budgets, Journal of Innovation and Public Policy, 5, pp. 106-126, (2021); Okonkwo C.., Lindqvist E.M., Obstacle detection aids in urban public transport, Frontiers in Accessible Computing, 26, pp. 56-68, (2022); Haddad N.., Tanaka Y.U.., Kowalski J.Z., Multimodal interface design for scene description interfaces, Journal of Multimodal Interfaces, 26, pp. 60-70, (2022)",Article,Final,,Scopus,2-s2.0-85000506816
Pereira A.C.; Nogueira D.R.; Muller S.D.,57000002877; 57000003014; 57000002740,Technology transfer pathways for university spin-offs,2023,Journal of Innovation and Public Policy,22,4,17,27,11,33,10.5555/jipp.2023.0009,https://doi.org/10.5555/jipp.2023.0009,"This study investigates what it costs a public health system to deploy assistive wearables at scale. We build a decision-analytic model calibrated with procurement data from three regions, and assess the approach through incremental cost per quality-adjusted life year and budget impact over five years. Findings indicate that locally manufactured devices reach acceptable thresholds where imported ones do not. We discuss the implications for  university spin-offs.",technology assessment; health economics; public policy; public procurement,technology assessment; cost-effectiveness; public policy,"Ferreira G.B.., Lindqvist E.M.., Rezende V.L., Obstacle detection aids for older adults with low vision, Sensors and Wearable Computing, 18, pp. 123-146, (2017); Nogueira D.R.., Ibrahim H.A.., Bergstrom K., Health technology assessment in public health systems, Journal of Innovation and Public Policy, 13, pp. 62-79, (2019); Cardoso I.S.., Ibrahim H.A., Regulatory frameworks of assistive wearable devices, Journal of Innovation and Public Policy, 26, pp. 230-244, (2021); Nogueira D.R.., Cardoso I.S.., Pereira A.C., Intellectual property strategies in public health systems, Journal of Multimodal Interfaces, 14, pp. 163-180, (2021); Duarte M.S.., Okonkwo C.., Barbosa T.A., Wayfinding support in rehabilitation centres, Assistive Technology Letters, 6, pp. 202-225, (2022)",Article,Final,,Scopus,2-s2.0-85000514735
Menezes F.R.; Haddad N.,57000002055; 57000001781,Haptic vibrotactile cues for scene description interfaces,2023,Interaction and Perception Review,21,2,188,197,10,14,10.5555/ipr.2023.0004,https://doi.org/10.5555/ipr.2023.0004,"This study investigates how audio and tactile channels compete for attention when a device narrates the surroundings. We compare sonification schemes against vibrotactile encodings in a within-subject experiment, and assess the approach through reaction time, route deviation and NASA-TLX cognitive load scores. Findings indicate that sparse tactile cues outperform continuous audio once the environment gets noisy. We discuss the implications for  real-time obstacle alerts.",wearable interfaces; multimodal interfaces; sonification; rehabilitation,spatial audio; haptic feedback; multimodal interfaces,"Santoro G.P.., Tanaka Y.U.., Andrade B.M., Cross-modal attention studies for real-time obstacle alerts, Revista Brasileira de Tecnologia Inclusiva, 28, pp. 171-185, (2017); Tanaka Y.U.., Sousa M.V., Spatial audio feedback during pedestrian navigation, Journal of Multimodal Interfaces, 10, pp. 65-80, (2018); Vasconcelos L.M.., Nogueira D.R.., Cardoso I.S., Technology transfer pathways in emerging innovation ecosystems, Technology Assessment Quarterly, 3, pp. 66-78, (2020); Andrade B.M.., Tanaka Y.U.., Santoro G.P., Multimodal interface design under divided-attention conditions, Interaction and Perception Review, 14, pp. 214-238, (2021); Silva J.M.., Bergstrom K.., Oliveira P.H., TinyML architectures on microcontroller-class hardware, Journal of Embedded Vision Systems, 12, pp. 5-20, (2021)",Article,Final,All Open Access,Scopus,2-s2.0-85000522654
Oliveira P.H.; Nakamura T.; Silva J.M.; Ramalho J.P.,57000000411; 57000000274; 57000000000; 57000003562,Quantized object detectors under constrained memory budgets,2023,Journal of Innovation and Public Policy,13,2,208,228,21,39,10.5555/jipp.2023.0010,https://doi.org/10.5555/jipp.2023.0010,"This study investigates how compact vision models can run within the power and memory envelope of wearable hardware. We train a family of quantized detectors and profile them on microcontroller-class boards, and assess the approach through latency, energy draw and detection accuracy on an indoor scene benchmark. Findings indicate that 8-bit quantization preserves most of the accuracy while cutting inference time by roughly half. We discuss the implications for  wearable cameras.",model quantization; TinyML; object detection; deep learning,computer vision; deep learning; TinyML,"Silva J.M.., Prado C.E.., Nakamura T., On-device inference pipelines on microcontroller-class hardware, Sensors and Wearable Computing, 25, pp. 103-122, (2016); Tanaka Y.U.., Sousa M.V., Spatial audio feedback during pedestrian navigation, Journal of Multimodal Interfaces, 10, pp. 65-80, (2018); Silva J.M.., Bergstrom K.., Oliveira P.H., TinyML architectures on microcontroller-class hardware, Journal of Embedded Vision Systems, 12, pp. 5-20, (2021); Ramalho J.P.., Moreira R.C.., Ferreira G.B., Orientation and mobility training in rehabilitation centres, Revista Brasileira de Tecnologia Inclusiva, 20, pp. 52-67, (2022)",Article,Final,,Scopus,2-s2.0-85000530573
Lindqvist E.M.; Barbosa T.A.,57000001370; 57000001507,Longitudinal adoption studies in rehabilitation centres,2023,Revista Brasileira de Tecnologia Inclusiva,11,3,56,78,23,49,10.5555/rbti.2023.0012,https://doi.org/10.5555/rbti.2023.0012,"This study investigates how assistive navigation devices are actually adopted outside the laboratory. We follow a cohort of participants through a structured orientation and mobility programme, and assess the approach through task completion, perceived autonomy and abandonment rates over six months. Findings indicate that sustained use depends far more on training and fit than on sensor accuracy. We discuss the implications for  older adults with low vision.",independent living; assisted navigation; usability,assistive technology; visual impairment; assisted navigation,"Rezende V.L.., Barbosa T.A.., Okonkwo C., Participatory design practices in indoor environments, Revista Brasileira de Tecnologia Inclusiva, 6, pp. 8-27, (2015); Moreira R.C.., Rezende V.L.., Lindqvist E.M., Participatory design practices for people with visual impairment, Sensors and Wearable Computing, 20, pp. 61-77, (2015); Moreira R.C.., Ferreira G.B.., Ramalho J.P., Wayfinding support in indoor environments, Revista Brasileira de Tecnologia Inclusiva, 7, pp. 218-227, (2017); Rezende V.L.., Ferreira G.B., Assistive navigation systems in rehabilitation centres, Revista Brasileira de Tecnologia Inclusiva, 5, pp. 103-120, (2018); Tanaka Y.U.., Sousa M.V., Spatial audio feedback during pedestrian navigation, Journal of Multimodal Interfaces, 10, pp. 65-80, (2018); Almeida L.F.., Nakamura T., TinyML architectures in embedded vision pipelines, Sensors and Wearable Computing, 12, pp. 57-67, (2019); Nogueira D.R.., Cardoso I.S.., Pereira A.C., Intellectual property strategies in public health systems, Journal of Multimodal Interfaces, 14, pp. 163-180, (2021); Duarte M.S.., Okonkwo C.., Ramalho J.P., User-centred design in indoor environments, Frontiers in Accessible Computing, 13, pp. 231-248, (2021)",Article,Final,,Scopus,2-s2.0-85000538492
